timestamp,SID,typhoon_name,ISO_TIME,year,LAT,LON,USA_WIND,USA_PRES
2018-03-23 06:00:00,2018082N04147,JELAWAT,2018-03-23 06:00:00,2018.0,4.4,147.4,10.28888,1007.0
2018-03-23 12:00:00,2018082N04147,JELAWAT,2018-03-23 12:00:00,2018.0,4.8,146.9,10.28888,1003.0
2018-03-23 18:00:00,2018082N04147,JELAWAT,2018-03-23 18:00:00,2018.0,5.1,146.4,10.28888,1003.0
2018-03-24 00:00:00,2018082N04147,JELAWAT,2018-03-24 00:00:00,2018.0,5.3,145.9,10.28888,1003.0
2018-03-24 06:00:00,2018082N04147,JELAWAT,2018-03-24 06:00:00,2018.0,5.6,145.2,10.28888,1003.0
2018-03-24 12:00:00,2018082N04147,JELAWAT,2018-03-24 12:00:00,2018.0,5.78,143.86,10.28888,1004.0
2018-03-24 18:00:00,2018082N04147,JELAWAT,2018-03-24 18:00:00,2018.0,5.9,142.6,12.8611,1003.0
2018-03-25 00:00:00,2018082N04147,JELAWAT,2018-03-25 00:00:00,2018.0,6.12727,141.445,15.43332,1000.0
2018-03-25 06:00:00,2018082N04147,JELAWAT,2018-03-25 06:00:00,2018.0,6.4,140.338,15.43332,1002.0
2018-03-25 12:00:00,2018082N04147,JELAWAT,2018-03-25 12:00:00,2018.0,6.77333,139.147,12.8611,1004.0
2018-03-25 18:00:00,2018082N04147,JELAWAT,2018-03-25 18:00:00,2018.0,7.1,138.375,12.8611,1004.0
2018-03-26 00:00:00,2018082N04147,JELAWAT,2018-03-26 00:00:00,2018.0,7.6,137.5,15.43332,1003.0
2018-03-26 06:00:00,2018082N04147,JELAWAT,2018-03-26 06:00:00,2018.0,8.075,136.7,15.43332,1002.0
2018-03-26 12:00:00,2018082N04147,JELAWAT,2018-03-26 12:00:00,2018.0,8.725,136.0,15.43332,1002.0
2018-03-26 18:00:00,2018082N04147,JELAWAT,2018-03-26 18:00:00,2018.0,9.325,135.35,15.43332,1000.0
2018-03-27 00:00:00,2018082N04147,JELAWAT,2018-03-27 00:00:00,2018.0,9.75,134.975,15.43332,1001.0
2018-03-27 06:00:00,2018082N04147,JELAWAT,2018-03-27 06:00:00,2018.0,10.05,135.075,15.43332,1001.0
2018-03-27 12:00:00,2018082N04147,JELAWAT,2018-03-27 12:00:00,2018.0,10.625,135.15,15.43332,1001.0
2018-03-27 18:00:00,2018082N04147,JELAWAT,2018-03-27 18:00:00,2018.0,11.5,135.175,18.00554,998.0
2018-03-28 00:00:00,2018082N04147,JELAWAT,2018-03-28 00:00:00,2018.0,12.45,135.25,20.57776,997.0
2018-03-28 06:00:00,2018082N04147,JELAWAT,2018-03-28 06:00:00,2018.0,13.65,135.125,23.14998,995.0
2018-03-28 12:00:00,2018082N04147,JELAWAT,2018-03-28 12:00:00,2018.0,14.4,135.25,25.7222,994.0
2018-03-28 18:00:00,2018082N04147,JELAWAT,2018-03-28 18:00:00,2018.0,15.15,135.3,28.29442,990.0
2018-03-29 00:00:00,2018082N04147,JELAWAT,2018-03-29 00:00:00,2018.0,15.25,135.425,28.29442,990.0
2018-03-29 06:00:00,2018082N04147,JELAWAT,2018-03-29 06:00:00,2018.0,15.275,135.7,28.29442,989.0
2018-03-29 12:00:00,2018082N04147,JELAWAT,2018-03-29 12:00:00,2018.0,15.3,136.2,30.86664,986.0
2018-03-29 18:00:00,2018082N04147,JELAWAT,2018-03-29 18:00:00,2018.0,15.45,136.8,36.01108,977.0
2018-03-30 00:00:00,2018082N04147,JELAWAT,2018-03-30 00:00:00,2018.0,15.7,137.35,46.29996,963.0
2018-03-30 06:00:00,2018082N04147,JELAWAT,2018-03-30 06:00:00,2018.0,16.2,138.1,59.16106,942.0
2018-03-30 12:00:00,2018082N04147,JELAWAT,2018-03-30 12:00:00,2018.0,16.775,139.0,66.87772,926.0
2018-03-30 18:00:00,2018082N04147,JELAWAT,2018-03-30 18:00:00,2018.0,17.55,139.8,61.73328,936.0
2018-03-31 00:00:00,2018082N04147,JELAWAT,2018-03-31 00:00:00,2018.0,18.175,140.775,51.4444,955.0
2018-03-31 06:00:00,2018082N04147,JELAWAT,2018-03-31 06:00:00,2018.0,18.575,141.5,38.5833,974.0
2018-03-31 12:00:00,2018082N04147,JELAWAT,2018-03-31 12:00:00,2018.0,18.85,142.35,28.29442,984.0
2018-03-31 18:00:00,2018082N04147,JELAWAT,2018-03-31 18:00:00,2018.0,19.0,143.56,25.7222,989.0
2018-04-01 00:00:00,2018082N04147,JELAWAT,2018-04-01 00:00:00,2018.0,19.2545,144.818,23.14998,993.0
2018-04-01 06:00:00,2018082N04147,JELAWAT,2018-04-01 06:00:00,2018.0,19.65,145.9,20.57776,992.0
2018-04-01 12:00:00,2018082N04147,JELAWAT,2018-04-01 12:00:00,2018.0,19.9,146.8,20.57776,991.0
2018-04-01 18:00:00,2018082N04147,JELAWAT,2018-04-01 18:00:00,2018.0,19.9,147.8,20.57776,994.0
2018-04-02 00:00:00,2018082N04147,JELAWAT,2018-04-02 00:00:00,2018.0,19.9,148.6,20.57776,993.0
2018-04-02 06:00:00,2018082N04147,JELAWAT,2018-04-02 06:00:00,2018.0,19.8,149.3,18.00554,996.0
2018-04-02 12:00:00,2018082N04147,JELAWAT,2018-04-02 12:00:00,2018.0,19.7,150.1,18.00554,996.0
2018-06-27 12:00:00,2018179N19134,PRAPIROON,2018-06-27 12:00:00,2018.0,18.7,134.0,10.28888,1007.0
2018-06-27 18:00:00,2018179N19134,PRAPIROON,2018-06-27 18:00:00,2018.0,19.1,133.2,7.71666,1010.0
2018-06-28 00:00:00,2018179N19134,PRAPIROON,2018-06-28 00:00:00,2018.0,19.6667,132.817,7.71666,1010.0
2018-06-28 06:00:00,2018179N19134,PRAPIROON,2018-06-28 06:00:00,2018.0,19.88,132.29,10.28888,1007.0
2018-06-28 12:00:00,2018179N19134,PRAPIROON,2018-06-28 12:00:00,2018.0,19.9,131.467,12.8611,1004.0
2018-06-28 18:00:00,2018179N19134,PRAPIROON,2018-06-28 18:00:00,2018.0,19.8538,130.862,15.43332,1000.0
2018-06-29 00:00:00,2018179N19134,PRAPIROON,2018-06-29 00:00:00,2018.0,19.72,130.333,18.00554,999.0
2018-06-29 06:00:00,2018179N19134,PRAPIROON,2018-06-29 06:00:00,2018.0,19.875,130.125,20.57776,996.0
2018-06-29 12:00:00,2018179N19134,PRAPIROON,2018-06-29 12:00:00,2018.0,19.95,129.975,23.14998,993.0
2018-06-29 18:00:00,2018179N19134,PRAPIROON,2018-06-29 18:00:00,2018.0,20.125,129.675,25.7222,990.0
2018-06-30 00:00:00,2018179N19134,PRAPIROON,2018-06-30 00:00:00,2018.0,20.65,129.55,25.7222,991.0
2018-06-30 06:00:00,2018179N19134,PRAPIROON,2018-06-30 06:00:00,2018.0,21.0,129.2,23.14998,993.0
2018-06-30 12:00:00,2018179N19134,PRAPIROON,2018-06-30 12:00:00,2018.0,21.75,128.75,23.14998,993.0
2018-06-30 18:00:00,2018179N19134,PRAPIROON,2018-06-30 18:00:00,2018.0,22.85,128.15,23.14998,993.0
2018-07-01 00:00:00,2018179N19134,PRAPIROON,2018-07-01 00:00:00,2018.0,23.65,127.575,25.7222,989.0
2018-07-01 06:00:00,2018179N19134,PRAPIROON,2018-07-01 06:00:00,2018.0,24.575,127.2,28.29442,985.0
2018-07-01 12:00:00,2018179N19134,PRAPIROON,2018-07-01 12:00:00,2018.0,25.325,126.9,30.86664,980.0
2018-07-01 18:00:00,2018179N19134,PRAPIROON,2018-07-01 18:00:00,2018.0,26.15,126.8,33.43886,976.0
2018-07-02 00:00:00,2018179N19134,PRAPIROON,2018-07-02 00:00:00,2018.0,27.2,126.975,38.5833,968.0
2018-07-02 06:00:00,2018179N19134,PRAPIROON,2018-07-02 06:00:00,2018.0,28.2,127.3,41.15552,962.0
2018-07-02 12:00:00,2018179N19134,PRAPIROON,2018-07-02 12:00:00,2018.0,29.5,127.775,41.15552,962.0
2018-07-02 18:00:00,2018179N19134,PRAPIROON,2018-07-02 18:00:00,2018.0,30.75,127.85,41.15552,960.0
2018-07-03 00:00:00,2018179N19134,PRAPIROON,2018-07-03 00:00:00,2018.0,32.0,128.175,38.5833,963.0
2018-07-03 06:00:00,2018179N19134,PRAPIROON,2018-07-03 06:00:00,2018.0,33.225,128.8,36.01108,966.0
2018-07-03 12:00:00,2018179N19134,PRAPIROON,2018-07-03 12:00:00,2018.0,34.375,129.625,30.86664,970.0
2018-07-03 18:00:00,2018179N19134,PRAPIROON,2018-07-03 18:00:00,2018.0,35.725,130.925,28.29442,974.0
2018-07-04 00:00:00,2018179N19134,PRAPIROON,2018-07-04 00:00:00,2018.0,37.3267,132.513,25.7222,979.0
2018-07-04 06:00:00,2018179N19134,PRAPIROON,2018-07-04 06:00:00,2018.0,39.4385,134.8,23.14998,981.0
2018-07-04 12:00:00,2018179N19134,PRAPIROON,2018-07-04 12:00:00,2018.0,40.5333,136.7,18.00554,990.0
2018-07-04 18:00:00,2018179N19134,PRAPIROON,2018-07-04 18:00:00,2018.0,40.9273,138.191,15.43332,991.0
2018-07-05 00:00:00,2018179N19134,PRAPIROON,2018-07-05 00:00:00,2018.0,41.2857,139.486,15.43332,989.0
2018-07-03 00:00:00,2018184N10147,MARIA,2018-07-03 00:00:00,2018.0,9.96667,147.4,10.28888,1007.0
2018-07-03 06:00:00,2018184N10147,MARIA,2018-07-03 06:00:00,2018.0,10.5667,147.367,10.28888,1007.0
2018-07-03 12:00:00,2018184N10147,MARIA,2018-07-03 12:00:00,2018.0,11.1308,147.069,12.8611,1004.0
2018-07-03 18:00:00,2018184N10147,MARIA,2018-07-03 18:00:00,2018.0,11.3333,146.7,15.43332,1001.0
2018-07-04 00:00:00,2018184N10147,MARIA,2018-07-04 00:00:00,2018.0,11.575,146.45,18.00554,999.0
2018-07-04 06:00:00,2018184N10147,MARIA,2018-07-04 06:00:00,2018.0,12.075,146.15,20.57776,998.0
2018-07-04 12:00:00,2018184N10147,MARIA,2018-07-04 12:00:00,2018.0,12.65,145.6,23.14998,993.0
2018-07-04 18:00:00,2018184N10147,MARIA,2018-07-04 18:00:00,2018.0,13.475,144.9,28.29442,984.0
2018-07-05 00:00:00,2018184N10147,MARIA,2018-07-05 00:00:00,2018.0,14.05,144.025,30.86664,983.0
2018-07-05 06:00:00,2018184N10147,MARIA,2018-07-05 06:00:00,2018.0,14.525,143.3,36.01108,981.0
2018-07-05 12:00:00,2018184N10147,MARIA,2018-07-05 12:00:00,2018.0,14.8,142.725,43.72774,970.0
2018-07-05 18:00:00,2018184N10147,MARIA,2018-07-05 18:00:00,2018.0,15.425,142.35,59.16106,944.0
2018-07-06 00:00:00,2018184N10147,MARIA,2018-07-06 00:00:00,2018.0,15.975,142.0,69.44994,924.0
2018-07-06 06:00:00,2018184N10147,MARIA,2018-07-06 06:00:00,2018.0,16.5,141.6,66.87772,927.0
2018-07-06 12:00:00,2018184N10147,MARIA,2018-07-06 12:00:00,2018.0,16.7,141.275,66.87772,925.0
2018-07-06 18:00:00,2018184N10147,MARIA,2018-07-06 18:00:00,2018.0,16.9,140.95,61.73328,935.0
2018-07-07 00:00:00,2018184N10147,MARIA,2018-07-07 00:00:00,2018.0,17.175,140.775,59.16106,939.0
2018-07-07 06:00:00,2018184N10147,MARIA,2018-07-07 06:00:00,2018.0,17.625,140.625,61.73328,934.0
2018-07-07 12:00:00,2018184N10147,MARIA,2018-07-07 12:00:00,2018.0,17.95,140.3,61.73328,934.0
2018-07-07 18:00:00,2018184N10147,MARIA,2018-07-07 18:00:00,2018.0,18.5,139.65,64.3055,930.0
2018-07-08 00:00:00,2018184N10147,MARIA,2018-07-08 00:00:00,2018.0,19.025,138.875,69.44994,919.0
2018-07-08 06:00:00,2018184N10147,MARIA,2018-07-08 06:00:00,2018.0,19.85,137.775,72.02216,914.0
2018-07-08 12:00:00,2018184N10147,MARIA,2018-07-08 12:00:00,2018.0,20.5,136.55,74.59438,910.0
2018-07-08 18:00:00,2018184N10147,MARIA,2018-07-08 18:00:00,2018.0,21.1,135.1,74.59438,910.0
2018-07-09 00:00:00,2018184N10147,MARIA,2018-07-09 00:00:00,2018.0,21.8,133.525,72.02216,917.0
2018-07-09 06:00:00,2018184N10147,MARIA,2018-07-09 06:00:00,2018.0,22.4,131.925,66.87772,925.0
2018-07-09 12:00:00,2018184N10147,MARIA,2018-07-09 12:00:00,2018.0,22.925,130.35,64.3055,929.0
2018-07-09 18:00:00,2018184N10147,MARIA,2018-07-09 18:00:00,2018.0,23.425,128.75,59.16106,937.0
2018-07-10 00:00:00,2018184N10147,MARIA,2018-07-10 00:00:00,2018.0,24.0,127.2,54.01662,945.0
2018-07-10 06:00:00,2018184N10147,MARIA,2018-07-10 06:00:00,2018.0,24.7,125.5,51.4444,950.0
2018-07-10 12:00:00,2018184N10147,MARIA,2018-07-10 12:00:00,2018.0,25.275,124.025,48.87218,953.0
2018-07-10 18:00:00,2018184N10147,MARIA,2018-07-10 18:00:00,2018.0,26.15,122.275,48.87218,952.0
2018-07-11 00:00:00,2018184N10147,MARIA,2018-07-11 00:00:00,2018.0,26.4,120.1,48.87218,951.0
2018-07-11 06:00:00,2018184N10147,MARIA,2018-07-11 06:00:00,2018.0,26.45,118.25,38.5833,969.0
2018-07-11 12:00:00,2018184N10147,MARIA,2018-07-11 12:00:00,2018.0,26.9,116.738,28.29442,983.0
2018-07-11 18:00:00,2018184N10147,MARIA,2018-07-11 18:00:00,2018.0,27.8556,115.567,15.43332,996.0
2018-07-21 06:00:00,2018202N21159,WUKONG,2018-07-21 06:00:00,2018.0,20.6,158.8,10.28888,1008.0
2018-07-21 12:00:00,2018202N21159,WUKONG,2018-07-21 12:00:00,2018.0,21.1,158.9,10.28888,1008.0
2018-07-21 18:00:00,2018202N21159,WUKONG,2018-07-21 18:00:00,2018.0,21.7,159.0,10.28888,1007.0
2018-07-22 00:00:00,2018202N21159,WUKONG,2018-07-22 00:00:00,2018.0,22.0833,159.317,12.8611,1005.0
2018-07-22 06:00:00,2018202N21159,WUKONG,2018-07-22 06:00:00,2018.0,22.83,159.54,15.43332,1003.0
2018-07-22 12:00:00,2018202N21159,WUKONG,2018-07-22 12:00:00,2018.0,23.7077,159.477,15.43332,1002.0
2018-07-22 18:00:00,2018202N21159,WUKONG,2018-07-22 18:00:00,2018.0,24.4533,159.253,18.00554,997.0
2018-07-23 00:00:00,2018202N21159,WUKONG,2018-07-23 00:00:00,2018.0,25.25,159.55,18.00554,996.0
2018-07-23 06:00:00,2018202N21159,WUKONG,2018-07-23 06:00:00,2018.0,26.225,159.375,20.57776,993.0
2018-07-23 12:00:00,2018202N21159,WUKONG,2018-07-23 12:00:00,2018.0,27.175,159.375,23.14998,991.0
2018-07-23 18:00:00,2018202N21159,WUKONG,2018-07-23 18:00:00,2018.0,28.25,159.125,23.14998,990.0
2018-07-24 00:00:00,2018202N21159,WUKONG,2018-07-24 00:00:00,2018.0,29.2,159.05,23.14998,990.0
2018-07-24 06:00:00,2018202N21159,WUKONG,2018-07-24 06:00:00,2018.0,30.125,158.825,23.14998,989.0
2018-07-24 12:00:00,2018202N21159,WUKONG,2018-07-24 12:00:00,2018.0,30.85,158.575,25.7222,986.0
2018-07-24 18:00:00,2018202N21159,WUKONG,2018-07-24 18:00:00,2018.0,31.65,158.35,28.29442,981.0
2018-07-25 00:00:00,2018202N21159,WUKONG,2018-07-25 00:00:00,2018.0,32.6,158.125,30.86664,977.0
2018-07-25 06:00:00,2018202N21159,WUKONG,2018-07-25 06:00:00,2018.0,33.9,157.85,33.43886,974.0
2018-07-25 12:00:00,2018202N21159,WUKONG,2018-07-25 12:00:00,2018.0,35.325,157.275,30.86664,977.0
2018-07-25 18:00:00,2018202N21159,WUKONG,2018-07-25 18:00:00,2018.0,37.025,156.15,30.86664,978.0
2018-07-26 00:00:00,2018202N21159,WUKONG,2018-07-26 00:00:00,2018.0,38.425,154.7,28.29442,984.0
2018-07-26 06:00:00,2018202N21159,WUKONG,2018-07-26 06:00:00,2018.0,39.6667,153.733,23.14998,991.0
2018-07-26 12:00:00,2018202N21159,WUKONG,2018-07-26 12:00:00,2018.0,41.2154,152.692,18.00554,997.0
2018-07-26 18:00:00,2018202N21159,WUKONG,2018-07-26 18:00:00,2018.0,42.8,152.2,12.8611,1003.0
2018-07-27 00:00:00,2018202N21159,WUKONG,2018-07-27 00:00:00,2018.0,44.36,152.17,10.28888,1007.0
2018-07-27 06:00:00,2018202N21159,WUKONG,2018-07-27 06:00:00,2018.0,45.84,153.32,10.28888,1007.0
2018-07-23 00:00:00,2018204N15137,JONGDARI,2018-07-23 00:00:00,2018.0,15.2,137.4,7.71666,1010.0
2018-07-23 06:00:00,2018204N15137,JONGDARI,2018-07-23 06:00:00,2018.0,15.7,137.0,10.28888,1007.0
2018-07-23 12:00:00,2018204N15137,JONGDARI,2018-07-23 12:00:00,2018.0,16.24,136.56,10.28888,1007.0
2018-07-23 18:00:00,2018204N15137,JONGDARI,2018-07-23 18:00:00,2018.0,17.3,136.637,12.8611,1004.0
2018-07-24 00:00:00,2018204N15137,JONGDARI,2018-07-24 00:00:00,2018.0,18.1636,136.718,15.43332,1000.0
2018-07-24 06:00:00,2018204N15137,JONGDARI,2018-07-24 06:00:00,2018.0,18.9667,136.667,18.00554,998.0
2018-07-24 12:00:00,2018204N15137,JONGDARI,2018-07-24 12:00:00,2018.0,19.5667,136.667,20.57776,996.0
2018-07-24 18:00:00,2018204N15137,JONGDARI,2018-07-24 18:00:00,2018.0,20.3,136.608,23.14998,994.0
2018-07-25 00:00:00,2018204N15137,JONGDARI,2018-07-25 00:00:00,2018.0,20.8733,136.707,20.57776,997.0
2018-07-25 06:00:00,2018204N15137,JONGDARI,2018-07-25 06:00:00,2018.0,21.575,137.05,20.57776,996.0
2018-07-25 12:00:00,2018204N15137,JONGDARI,2018-07-25 12:00:00,2018.0,21.875,137.3,23.14998,993.0
2018-07-25 18:00:00,2018204N15137,JONGDARI,2018-07-25 18:00:00,2018.0,22.05,137.625,28.29442,986.0
2018-07-26 00:00:00,2018204N15137,JONGDARI,2018-07-26 00:00:00,2018.0,22.275,138.325,28.29442,986.0
2018-07-26 06:00:00,2018204N15137,JONGDARI,2018-07-26 06:00:00,2018.0,22.775,139.2,30.86664,981.0
2018-07-26 12:00:00,2018204N15137,JONGDARI,2018-07-26 12:00:00,2018.0,23.35,140.2,33.43886,976.0
2018-07-26 18:00:00,2018204N15137,JONGDARI,2018-07-26 18:00:00,2018.0,23.975,141.075,38.5833,967.0
2018-07-27 00:00:00,2018204N15137,JONGDARI,2018-07-27 00:00:00,2018.0,24.95,142.4,43.72774,958.0
2018-07-27 06:00:00,2018204N15137,JONGDARI,2018-07-27 06:00:00,2018.0,26.425,143.775,46.29996,952.0
2018-07-27 12:00:00,2018204N15137,JONGDARI,2018-07-27 12:00:00,2018.0,28.25,144.6,46.29996,952.0
2018-07-27 18:00:00,2018204N15137,JONGDARI,2018-07-27 18:00:00,2018.0,30.35,144.25,46.29996,950.0
2018-07-28 00:00:00,2018204N15137,JONGDARI,2018-07-28 00:00:00,2018.0,32.3,142.975,43.72774,955.0
2018-07-28 06:00:00,2018204N15137,JONGDARI,2018-07-28 06:00:00,2018.0,33.825,140.55,41.15552,960.0
2018-07-28 12:00:00,2018204N15137,JONGDARI,2018-07-28 12:00:00,2018.0,34.175,138.3,36.01108,966.0
2018-07-28 18:00:00,2018204N15137,JONGDARI,2018-07-28 18:00:00,2018.0,34.725,135.85,30.86664,973.0
2018-07-29 00:00:00,2018204N15137,JONGDARI,2018-07-29 00:00:00,2018.0,34.575,133.3,23.14998,990.0
2018-07-29 06:00:00,2018204N15137,JONGDARI,2018-07-29 06:00:00,2018.0,34.075,131.575,18.00554,992.0
2018-07-29 12:00:00,2018204N15137,JONGDARI,2018-07-29 12:00:00,2018.0,33.2,130.425,15.43332,995.0
2018-07-29 18:00:00,2018204N15137,JONGDARI,2018-07-29 18:00:00,2018.0,32.0,129.65,15.43332,995.0
2018-07-30 00:00:00,2018204N15137,JONGDARI,2018-07-30 00:00:00,2018.0,31.05,129.45,15.43332,995.0
2018-07-30 06:00:00,2018204N15137,JONGDARI,2018-07-30 06:00:00,2018.0,30.3,129.525,15.43332,995.0
2018-07-30 12:00:00,2018204N15137,JONGDARI,2018-07-30 12:00:00,2018.0,29.2,129.95,15.43332,995.0
2018-07-30 18:00:00,2018204N15137,JONGDARI,2018-07-30 18:00:00,2018.0,28.875,130.775,15.43332,995.0
2018-07-31 00:00:00,2018204N15137,JONGDARI,2018-07-31 00:00:00,2018.0,29.6,131.725,18.00554,993.0
2018-07-31 06:00:00,2018204N15137,JONGDARI,2018-07-31 06:00:00,2018.0,30.525,131.65,18.00554,993.0
2018-07-31 12:00:00,2018204N15137,JONGDARI,2018-07-31 12:00:00,2018.0,30.925,130.375,18.00554,993.0
2018-07-31 18:00:00,2018204N15137,JONGDARI,2018-07-31 18:00:00,2018.0,30.825,128.8,18.00554,993.0
2018-08-01 00:00:00,2018204N15137,JONGDARI,2018-08-01 00:00:00,2018.0,30.25,128.0,15.43332,996.0
2018-08-01 06:00:00,2018204N15137,JONGDARI,2018-08-01 06:00:00,2018.0,29.65,126.975,15.43332,996.0
2018-08-01 12:00:00,2018204N15137,JONGDARI,2018-08-01 12:00:00,2018.0,28.975,126.6,15.43332,995.0
2018-08-01 18:00:00,2018204N15137,JONGDARI,2018-08-01 18:00:00,2018.0,28.475,126.375,15.43332,995.0
2018-08-02 00:00:00,2018204N15137,JONGDARI,2018-08-02 00:00:00,2018.0,28.575,126.825,15.43332,993.0
2018-08-02 06:00:00,2018204N15137,JONGDARI,2018-08-02 06:00:00,2018.0,29.4,126.7,18.00554,990.0
2018-08-02 12:00:00,2018204N15137,JONGDARI,2018-08-02 12:00:00,2018.0,30.35,125.1,15.43332,993.0
2018-08-02 18:00:00,2018204N15137,JONGDARI,2018-08-02 18:00:00,2018.0,30.725,122.65,15.43332,993.0
2018-08-03 00:00:00,2018204N15137,JONGDARI,2018-08-03 00:00:00,2018.0,30.575,121.55,12.8611,995.0
2018-08-03 06:00:00,2018204N15137,JONGDARI,2018-08-03 06:00:00,2018.0,30.9,121.127,12.8611,995.0
2018-08-03 12:00:00,2018204N15137,JONGDARI,2018-08-03 12:00:00,2018.0,31.9077,120.485,10.28888,998.0
2018-08-03 18:00:00,2018204N15137,JONGDARI,2018-08-03 18:00:00,2018.0,33.2333,119.2,10.28888,998.0
2018-08-04 00:00:00,2018204N15137,JONGDARI,2018-08-04 00:00:00,2018.0,33.7545,118.091,10.28888,998.0
2018-08-04 06:00:00,2018204N15137,JONGDARI,2018-08-04 06:00:00,2018.0,34.0125,117.163,7.71666,998.0
2018-07-31 12:00:00,2018213N12245,HECTOR,2018-07-31 12:00:00,2018.0,12.3,244.9,15.43332,1007.0
2018-07-31 18:00:00,2018213N12245,HECTOR,2018-07-31 18:00:00,2018.0,12.68,243.63,15.43332,1007.0
2018-08-01 00:00:00,2018213N12245,HECTOR,2018-08-01 00:00:00,2018.0,12.96,242.4,18.00554,1006.0
2018-08-01 06:00:00,2018213N12245,HECTOR,2018-08-01 06:00:00,2018.0,13.3,241.25,18.00554,1006.0
2018-08-01 12:00:00,2018213N12245,HECTOR,2018-08-01 12:00:00,2018.0,13.525,240.3,20.57776,1004.0
2018-08-01 18:00:00,2018213N12245,HECTOR,2018-08-01 18:00:00,2018.0,13.725,239.3,23.14998,1002.0
2018-08-02 00:00:00,2018213N12245,HECTOR,2018-08-02 00:00:00,2018.0,13.9,238.3,25.7222,1000.0
2018-08-02 06:00:00,2018213N12245,HECTOR,2018-08-02 06:00:00,2018.0,14.1,237.225,30.86664,995.0
2018-08-02 12:00:00,2018213N12245,HECTOR,2018-08-02 12:00:00,2018.0,14.2,236.075,38.5833,987.0
2018-08-02 18:00:00,2018213N12245,HECTOR,2018-08-02 18:00:00,2018.0,14.175,234.875,46.29996,975.0
2018-08-03 00:00:00,2018213N12245,HECTOR,2018-08-03 00:00:00,2018.0,14.1,233.775,46.29996,976.0
2018-08-03 06:00:00,2018213N12245,HECTOR,2018-08-03 06:00:00,2018.0,14.075,232.7,43.72774,980.0
2018-08-03 12:00:00,2018213N12245,HECTOR,2018-08-03 12:00:00,2018.0,14.1,231.7,41.15552,983.0
2018-08-03 18:00:00,2018213N12245,HECTOR,2018-08-03 18:00:00,2018.0,14.1,230.7,46.29996,975.0
2018-08-04 00:00:00,2018213N12245,HECTOR,2018-08-04 00:00:00,2018.0,14.2,229.7,51.4444,967.0
2018-08-04 06:00:00,2018213N12245,HECTOR,2018-08-04 06:00:00,2018.0,14.2,228.725,54.01662,962.0
2018-08-04 12:00:00,2018213N12245,HECTOR,2018-08-04 12:00:00,2018.0,14.2,227.8,54.01662,961.0
2018-08-04 18:00:00,2018213N12245,HECTOR,2018-08-04 18:00:00,2018.0,14.2,226.875,56.588840000000005,957.0
2018-08-05 00:00:00,2018213N12245,HECTOR,2018-08-05 00:00:00,2018.0,14.3,225.875,56.588840000000005,957.0
2018-08-05 06:00:00,2018213N12245,HECTOR,2018-08-05 06:00:00,2018.0,14.3,224.8,56.588840000000005,957.0
2018-08-05 12:00:00,2018213N12245,HECTOR,2018-08-05 12:00:00,2018.0,14.3,223.7,56.588840000000005,956.0
2018-08-05 18:00:00,2018213N12245,HECTOR,2018-08-05 18:00:00,2018.0,14.3,222.6,59.16106,951.0
2018-08-06 00:00:00,2018213N12245,HECTOR,2018-08-06 00:00:00,2018.0,14.5,221.4,61.73328,947.0
2018-08-06 06:00:00,2018213N12245,HECTOR,2018-08-06 06:00:00,2018.0,14.725,220.1,64.3055,944.0
2018-08-06 12:00:00,2018213N12245,HECTOR,2018-08-06 12:00:00,2018.0,14.9,218.7,66.87772,939.0
2018-08-06 18:00:00,2018213N12245,HECTOR,2018-08-06 18:00:00,2018.0,15.1,217.525,69.44994,936.0
2018-08-07 00:00:00,2018213N12245,HECTOR,2018-08-07 00:00:00,2018.0,15.5,216.0,69.44994,936.0
2018-08-07 06:00:00,2018213N12245,HECTOR,2018-08-07 06:00:00,2018.0,15.7,214.4,66.87772,939.0
2018-08-07 12:00:00,2018213N12245,HECTOR,2018-08-07 12:00:00,2018.0,16.0,212.975,61.73328,948.0
2018-08-07 18:00:00,2018213N12245,HECTOR,2018-08-07 18:00:00,2018.0,16.225,211.575,61.73328,948.0
2018-08-08 00:00:00,2018213N12245,HECTOR,2018-08-08 00:00:00,2018.0,16.425,210.0,59.16106,952.0
2018-08-08 06:00:00,2018213N12245,HECTOR,2018-08-08 06:00:00,2018.0,16.425,208.4,59.16106,952.0
2018-08-08 12:00:00,2018213N12245,HECTOR,2018-08-08 12:00:00,2018.0,16.4,206.8,56.588840000000005,956.0
2018-08-08 18:00:00,2018213N12245,HECTOR,2018-08-08 18:00:00,2018.0,16.425,205.4,51.4444,959.0
2018-08-09 00:00:00,2018213N12245,HECTOR,2018-08-09 00:00:00,2018.0,16.525,203.9,51.4444,959.0
2018-08-09 06:00:00,2018213N12245,HECTOR,2018-08-09 06:00:00,2018.0,16.6,202.3,51.4444,959.0
2018-08-09 12:00:00,2018213N12245,HECTOR,2018-08-09 12:00:00,2018.0,16.6,200.7,54.01662,957.0
2018-08-09 18:00:00,2018213N12245,HECTOR,2018-08-09 18:00:00,2018.0,16.725,199.2,54.01662,957.0
2018-08-10 00:00:00,2018213N12245,HECTOR,2018-08-10 00:00:00,2018.0,16.925,197.675,56.588840000000005,956.0
2018-08-10 06:00:00,2018213N12245,HECTOR,2018-08-10 06:00:00,2018.0,17.2,196.3,59.16106,951.0
2018-08-10 12:00:00,2018213N12245,HECTOR,2018-08-10 12:00:00,2018.0,17.5,194.8,59.16106,951.0
2018-08-10 18:00:00,2018213N12245,HECTOR,2018-08-10 18:00:00,2018.0,17.725,193.4,61.73328,947.0
2018-08-11 00:00:00,2018213N12245,HECTOR,2018-08-11 00:00:00,2018.0,18.1,192.2,59.16106,951.0
2018-08-11 06:00:00,2018213N12245,HECTOR,2018-08-11 06:00:00,2018.0,18.5,191.225,54.01662,957.0
2018-08-11 12:00:00,2018213N12245,HECTOR,2018-08-11 12:00:00,2018.0,19.0,190.3,51.4444,961.0
2018-08-11 18:00:00,2018213N12245,HECTOR,2018-08-11 18:00:00,2018.0,19.625,189.6,48.87218,965.0
2018-08-12 00:00:00,2018213N12245,HECTOR,2018-08-12 00:00:00,2018.0,20.725,188.7,46.29996,969.0
2018-08-12 06:00:00,2018213N12245,HECTOR,2018-08-12 06:00:00,2018.0,21.625,187.625,43.72774,973.0
2018-08-12 12:00:00,2018213N12245,HECTOR,2018-08-12 12:00:00,2018.0,22.45,186.4,38.5833,982.0
2018-08-12 18:00:00,2018213N12245,HECTOR,2018-08-12 18:00:00,2018.0,23.275,184.925,33.43886,988.0
2018-08-13 00:00:00,2018213N12245,HECTOR,2018-08-13 00:00:00,2018.0,24.2,183.625,30.86664,991.0
2018-08-13 06:00:00,2018213N12245,HECTOR,2018-08-13 06:00:00,2018.0,24.7,182.025,28.29442,995.0
2018-08-13 12:00:00,2018213N12245,HECTOR,2018-08-13 12:00:00,2018.0,25.1294,180.506,23.14998,1001.0
2018-08-13 18:00:00,2018213N12245,HECTOR,2018-08-13 18:00:00,2018.0,25.56,178.82,20.57776,1005.0
2018-08-14 00:00:00,2018213N12245,HECTOR,2018-08-14 00:00:00,2018.0,26.0391,177.104,18.00554,1008.0
2018-08-14 06:00:00,2018213N12245,HECTOR,2018-08-14 06:00:00,2018.0,26.4167,175.85,15.43332,1011.0
2018-08-14 12:00:00,2018213N12245,HECTOR,2018-08-14 12:00:00,2018.0,27.0333,174.317,15.43332,1010.0
2018-08-14 18:00:00,2018213N12245,HECTOR,2018-08-14 18:00:00,2018.0,27.8217,172.583,20.57776,1004.0
2018-08-15 00:00:00,2018213N12245,HECTOR,2018-08-15 00:00:00,2018.0,28.6762,170.752,20.57776,1004.0
2018-08-15 06:00:00,2018213N12245,HECTOR,2018-08-15 06:00:00,2018.0,29.28,168.88,18.00554,1007.0
2018-08-15 12:00:00,2018213N12245,HECTOR,2018-08-15 12:00:00,2018.0,29.82,167.9,15.43332,1009.0
2018-08-15 18:00:00,2018213N12245,HECTOR,2018-08-15 18:00:00,2018.0,30.54,167.16,12.8611,1009.0
2018-08-16 00:00:00,2018213N12245,HECTOR,2018-08-16 00:00:00,2018.0,31.5,166.4,12.8611,1008.0
2018-08-16 06:00:00,2018213N12245,HECTOR,2018-08-16 06:00:00,2018.0,32.2632,165.8,10.28888,1010.0
2018-08-16 12:00:00,2018213N12245,HECTOR,2018-08-16 12:00:00,2018.0,32.8615,165.608,7.71666,1013.0
2018-08-16 18:00:00,2018213N12245,HECTOR,2018-08-16 18:00:00,2018.0,33.6,165.85,7.71666,1013.0
2018-08-02 00:00:00,2018214N19153,SHANSHAN,2018-08-02 00:00:00,2018.0,18.5,152.8,7.71666,1010.0
2018-08-02 06:00:00,2018214N19153,SHANSHAN,2018-08-02 06:00:00,2018.0,18.1857,152.3,10.28888,1007.0
2018-08-02 12:00:00,2018214N19153,SHANSHAN,2018-08-02 12:00:00,2018.0,17.8667,151.833,10.28888,1007.0
2018-08-02 18:00:00,2018214N19153,SHANSHAN,2018-08-02 18:00:00,2018.0,17.7533,151.327,12.8611,1004.0
2018-08-03 00:00:00,2018214N19153,SHANSHAN,2018-08-03 00:00:00,2018.0,17.8,150.9,15.43332,1000.0
2018-08-03 06:00:00,2018214N19153,SHANSHAN,2018-08-03 06:00:00,2018.0,18.025,150.55,20.57776,994.0
2018-08-03 12:00:00,2018214N19153,SHANSHAN,2018-08-03 12:00:00,2018.0,18.325,150.15,23.14998,991.0
2018-08-03 18:00:00,2018214N19153,SHANSHAN,2018-08-03 18:00:00,2018.0,19.075,149.8,25.7222,988.0
2018-08-04 00:00:00,2018214N19153,SHANSHAN,2018-08-04 00:00:00,2018.0,20.1,149.275,28.29442,985.0
2018-08-04 06:00:00,2018214N19153,SHANSHAN,2018-08-04 06:00:00,2018.0,20.9,148.725,33.43886,977.0
2018-08-04 12:00:00,2018214N19153,SHANSHAN,2018-08-04 12:00:00,2018.0,21.675,148.325,36.01108,974.0
2018-08-04 18:00:00,2018214N19153,SHANSHAN,2018-08-04 18:00:00,2018.0,22.475,147.7,38.5833,969.0
2018-08-05 00:00:00,2018214N19153,SHANSHAN,2018-08-05 00:00:00,2018.0,22.95,147.425,38.5833,969.0
2018-08-05 06:00:00,2018214N19153,SHANSHAN,2018-08-05 06:00:00,2018.0,23.875,147.475,38.5833,968.0
2018-08-05 12:00:00,2018214N19153,SHANSHAN,2018-08-05 12:00:00,2018.0,24.7,147.25,38.5833,967.0
2018-08-05 18:00:00,2018214N19153,SHANSHAN,2018-08-05 18:00:00,2018.0,25.625,146.675,38.5833,967.0
2018-08-06 00:00:00,2018214N19153,SHANSHAN,2018-08-06 00:00:00,2018.0,26.55,146.2,36.01108,967.0
2018-08-06 06:00:00,2018214N19153,SHANSHAN,2018-08-06 06:00:00,2018.0,27.525,146.0,36.01108,967.0
2018-08-06 12:00:00,2018214N19153,SHANSHAN,2018-08-06 12:00:00,2018.0,28.55,145.65,33.43886,970.0
2018-08-06 18:00:00,2018214N19153,SHANSHAN,2018-08-06 18:00:00,2018.0,29.7,144.975,33.43886,970.0
2018-08-07 00:00:00,2018214N19153,SHANSHAN,2018-08-07 00:00:00,2018.0,30.45,144.275,38.5833,961.0
2018-08-07 06:00:00,2018214N19153,SHANSHAN,2018-08-07 06:00:00,2018.0,31.25,143.9,43.72774,953.0
2018-08-07 12:00:00,2018214N19153,SHANSHAN,2018-08-07 12:00:00,2018.0,32.0,143.15,41.15552,956.0
2018-08-07 18:00:00,2018214N19153,SHANSHAN,2018-08-07 18:00:00,2018.0,32.55,142.275,41.15552,956.0
2018-08-08 00:00:00,2018214N19153,SHANSHAN,2018-08-08 00:00:00,2018.0,33.325,141.9,41.15552,957.0
2018-08-08 06:00:00,2018214N19153,SHANSHAN,2018-08-08 06:00:00,2018.0,33.8,141.225,38.5833,962.0
2018-08-08 12:00:00,2018214N19153,SHANSHAN,2018-08-08 12:00:00,2018.0,34.5,141.275,36.01108,967.0
2018-08-08 18:00:00,2018214N19153,SHANSHAN,2018-08-08 18:00:00,2018.0,35.3,141.025,30.86664,974.0
2018-08-09 00:00:00,2018214N19153,SHANSHAN,2018-08-09 00:00:00,2018.0,36.225,141.075,30.86664,976.0
2018-08-09 06:00:00,2018214N19153,SHANSHAN,2018-08-09 06:00:00,2018.0,37.275,141.475,25.7222,982.0
2018-08-09 12:00:00,2018214N19153,SHANSHAN,2018-08-09 12:00:00,2018.0,37.875,142.525,20.57776,988.0
2018-08-09 18:00:00,2018214N19153,SHANSHAN,2018-08-09 18:00:00,2018.0,39.0733,144.26,18.00554,990.0
2018-08-10 00:00:00,2018214N19153,SHANSHAN,2018-08-10 00:00:00,2018.0,40.0,147.108,15.43332,993.0
2018-08-10 06:00:00,2018214N19153,SHANSHAN,2018-08-10 06:00:00,2018.0,41.0,150.889,15.43332,990.0
2018-08-10 00:00:00,2018222N16147,LEEPI,2018-08-10 00:00:00,2018.0,16.1,146.6,10.28888,1007.0
2018-08-10 06:00:00,2018222N16147,LEEPI,2018-08-10 06:00:00,2018.0,16.9,145.8,10.28888,1007.0
2018-08-10 12:00:00,2018222N16147,LEEPI,2018-08-10 12:00:00,2018.0,17.2167,145.1,12.8611,1005.0
2018-08-10 18:00:00,2018222N16147,LEEPI,2018-08-10 18:00:00,2018.0,17.99,144.56,15.43332,1004.0
2018-08-11 00:00:00,2018222N16147,LEEPI,2018-08-11 00:00:00,2018.0,18.5,144.2,18.00554,1002.0
2018-08-11 06:00:00,2018222N16147,LEEPI,2018-08-11 06:00:00,2018.0,19.1,143.9,23.14998,996.0
2018-08-11 12:00:00,2018222N16147,LEEPI,2018-08-11 12:00:00,2018.0,19.8923,143.508,25.7222,992.0
2018-08-11 18:00:00,2018222N16147,LEEPI,2018-08-11 18:00:00,2018.0,20.74,143.173,25.7222,992.0
2018-08-12 00:00:00,2018222N16147,LEEPI,2018-08-12 00:00:00,2018.0,21.55,142.7,28.29442,989.0
2018-08-12 06:00:00,2018222N16147,LEEPI,2018-08-12 06:00:00,2018.0,22.725,142.025,30.86664,986.0
2018-08-12 12:00:00,2018222N16147,LEEPI,2018-08-12 12:00:00,2018.0,23.525,141.425,33.43886,983.0
2018-08-12 18:00:00,2018222N16147,LEEPI,2018-08-12 18:00:00,2018.0,24.5,140.575,33.43886,982.0
2018-08-13 00:00:00,2018222N16147,LEEPI,2018-08-13 00:00:00,2018.0,25.425,139.75,30.86664,986.0
2018-08-13 06:00:00,2018222N16147,LEEPI,2018-08-13 06:00:00,2018.0,26.425,138.6,28.29442,989.0
2018-08-13 12:00:00,2018222N16147,LEEPI,2018-08-13 12:00:00,2018.0,27.125,137.9,28.29442,988.0
2018-08-13 18:00:00,2018222N16147,LEEPI,2018-08-13 18:00:00,2018.0,28.325,137.075,25.7222,990.0
2018-08-14 00:00:00,2018222N16147,LEEPI,2018-08-14 00:00:00,2018.0,29.4,136.075,25.7222,990.0
2018-08-14 06:00:00,2018222N16147,LEEPI,2018-08-14 06:00:00,2018.0,30.5,134.85,23.14998,993.0
2018-08-14 12:00:00,2018222N16147,LEEPI,2018-08-14 12:00:00,2018.0,31.4,133.25,23.14998,994.0
2018-08-14 18:00:00,2018222N16147,LEEPI,2018-08-14 18:00:00,2018.0,32.45,131.4,20.57776,996.0
2018-08-15 00:00:00,2018222N16147,LEEPI,2018-08-15 00:00:00,2018.0,33.8667,130.04,18.00554,999.0
2018-08-15 06:00:00,2018222N16147,LEEPI,2018-08-15 06:00:00,2018.0,34.8273,129.373,15.43332,1003.0
2018-08-15 12:00:00,2018222N16147,LEEPI,2018-08-15 12:00:00,2018.0,35.84,129.4,15.43332,1003.0
2018-08-15 18:00:00,2018222N16147,LEEPI,2018-08-15 18:00:00,2018.0,36.6,129.9,12.8611,1006.0
2018-08-15 00:00:00,2018227N11145,SOULIK,2018-08-15 00:00:00,2018.0,11.4,145.1,7.71666,1010.0
2018-08-15 06:00:00,2018227N11145,SOULIK,2018-08-15 06:00:00,2018.0,11.82,144.78,7.71666,1010.0
2018-08-15 12:00:00,2018227N11145,SOULIK,2018-08-15 12:00:00,2018.0,12.76,144.25,12.8611,1003.0
2018-08-15 18:00:00,2018227N11145,SOULIK,2018-08-15 18:00:00,2018.0,13.9,143.667,15.43332,1001.0
2018-08-16 00:00:00,2018227N11145,SOULIK,2018-08-16 00:00:00,2018.0,15.3077,143.038,18.00554,998.0
2018-08-16 06:00:00,2018227N11145,SOULIK,2018-08-16 06:00:00,2018.0,17.0733,142.327,23.14998,992.0
2018-08-16 12:00:00,2018227N11145,SOULIK,2018-08-16 12:00:00,2018.0,18.6,141.775,28.29442,988.0
2018-08-16 18:00:00,2018227N11145,SOULIK,2018-08-16 18:00:00,2018.0,20.1,141.375,30.86664,984.0
2018-08-17 00:00:00,2018227N11145,SOULIK,2018-08-17 00:00:00,2018.0,21.575,140.825,33.43886,979.0
2018-08-17 06:00:00,2018227N11145,SOULIK,2018-08-17 06:00:00,2018.0,22.975,140.375,38.5833,971.0
2018-08-17 12:00:00,2018227N11145,SOULIK,2018-08-17 12:00:00,2018.0,23.775,140.075,41.15552,967.0
2018-08-17 18:00:00,2018227N11145,SOULIK,2018-08-17 18:00:00,2018.0,24.25,139.975,46.29996,958.0
2018-08-18 00:00:00,2018227N11145,SOULIK,2018-08-18 00:00:00,2018.0,24.55,140.025,48.87218,952.0
2018-08-18 06:00:00,2018227N11145,SOULIK,2018-08-18 06:00:00,2018.0,24.775,140.05,54.01662,943.0
2018-08-18 12:00:00,2018227N11145,SOULIK,2018-08-18 12:00:00,2018.0,24.875,139.925,48.87218,950.0
2018-08-18 18:00:00,2018227N11145,SOULIK,2018-08-18 18:00:00,2018.0,24.975,139.65,46.29996,954.0
2018-08-19 00:00:00,2018227N11145,SOULIK,2018-08-19 00:00:00,2018.0,25.05,139.075,46.29996,955.0
2018-08-19 06:00:00,2018227N11145,SOULIK,2018-08-19 06:00:00,2018.0,25.1,138.625,43.72774,958.0
2018-08-19 12:00:00,2018227N11145,SOULIK,2018-08-19 12:00:00,2018.0,25.275,138.05,41.15552,962.0
2018-08-19 18:00:00,2018227N11145,SOULIK,2018-08-19 18:00:00,2018.0,25.575,137.25,46.29996,955.0
2018-08-20 00:00:00,2018227N11145,SOULIK,2018-08-20 00:00:00,2018.0,25.8,136.45,48.87218,951.0
2018-08-20 06:00:00,2018227N11145,SOULIK,2018-08-20 06:00:00,2018.0,26.1,135.525,51.4444,946.0
2018-08-20 12:00:00,2018227N11145,SOULIK,2018-08-20 12:00:00,2018.0,26.425,134.425,51.4444,946.0
2018-08-20 18:00:00,2018227N11145,SOULIK,2018-08-20 18:00:00,2018.0,27.025,133.325,54.01662,942.0
2018-08-21 00:00:00,2018227N11145,SOULIK,2018-08-21 00:00:00,2018.0,27.65,132.2,51.4444,945.0
2018-08-21 06:00:00,2018227N11145,SOULIK,2018-08-21 06:00:00,2018.0,28.4,130.975,48.87218,949.0
2018-08-21 12:00:00,2018227N11145,SOULIK,2018-08-21 12:00:00,2018.0,29.025,129.8,46.29996,952.0
2018-08-21 18:00:00,2018227N11145,SOULIK,2018-08-21 18:00:00,2018.0,29.775,128.65,48.87218,948.0
2018-08-22 00:00:00,2018227N11145,SOULIK,2018-08-22 00:00:00,2018.0,30.4,127.625,46.29996,952.0
2018-08-22 06:00:00,2018227N11145,SOULIK,2018-08-22 06:00:00,2018.0,31.125,126.8,43.72774,955.0
2018-08-22 12:00:00,2018227N11145,SOULIK,2018-08-22 12:00:00,2018.0,31.925,126.15,41.15552,960.0
2018-08-22 18:00:00,2018227N11145,SOULIK,2018-08-22 18:00:00,2018.0,32.575,125.6,38.5833,964.0
2018-08-23 00:00:00,2018227N11145,SOULIK,2018-08-23 00:00:00,2018.0,33.1,125.475,33.43886,968.0
2018-08-23 06:00:00,2018227N11145,SOULIK,2018-08-23 06:00:00,2018.0,33.75,125.675,30.86664,971.0
2018-08-23 12:00:00,2018227N11145,SOULIK,2018-08-23 12:00:00,2018.0,34.55,126.25,25.7222,978.0
2018-08-23 18:00:00,2018227N11145,SOULIK,2018-08-23 18:00:00,2018.0,35.775,127.4,23.14998,981.0
2018-08-24 00:00:00,2018227N11145,SOULIK,2018-08-24 00:00:00,2018.0,37.3,128.9,23.14998,981.0
2018-08-24 06:00:00,2018227N11145,SOULIK,2018-08-24 06:00:00,2018.0,38.4733,130.227,23.14998,979.0
2018-08-24 12:00:00,2018227N11145,SOULIK,2018-08-24 12:00:00,2018.0,40.0692,131.892,23.14998,978.0
2018-08-24 18:00:00,2018227N11145,SOULIK,2018-08-24 18:00:00,2018.0,41.2333,133.733,20.57776,981.0
2018-08-25 00:00:00,2018227N11145,SOULIK,2018-08-25 00:00:00,2018.0,42.1,135.4,18.00554,985.0
2018-08-25 06:00:00,2018227N11145,SOULIK,2018-08-25 06:00:00,2018.0,43.0455,137.145,15.43332,987.0
2018-08-25 12:00:00,2018227N11145,SOULIK,2018-08-25 12:00:00,2018.0,43.5889,138.667,15.43332,987.0
2018-08-16 18:00:00,2018229N11160,CIMARON,2018-08-16 18:00:00,2018.0,11.975,159.275,10.28888,1006.0
2018-08-17 00:00:00,2018229N11160,CIMARON,2018-08-17 00:00:00,2018.0,12.2571,158.643,10.28888,1006.0
2018-08-17 06:00:00,2018229N11160,CIMARON,2018-08-17 06:00:00,2018.0,12.4,158.1,12.8611,1005.0
2018-08-17 12:00:00,2018229N11160,CIMARON,2018-08-17 12:00:00,2018.0,12.6818,156.845,15.43332,1003.0
2018-08-17 18:00:00,2018229N11160,CIMARON,2018-08-17 18:00:00,2018.0,13.0667,155.567,15.43332,1003.0
2018-08-18 00:00:00,2018229N11160,CIMARON,2018-08-18 00:00:00,2018.0,13.4538,154.723,15.43332,1003.0
2018-08-18 06:00:00,2018229N11160,CIMARON,2018-08-18 06:00:00,2018.0,13.7667,154.3,18.00554,1001.0
2018-08-18 12:00:00,2018229N11160,CIMARON,2018-08-18 12:00:00,2018.0,14.075,153.9,18.00554,1001.0
2018-08-18 18:00:00,2018229N11160,CIMARON,2018-08-18 18:00:00,2018.0,14.5,153.175,23.14998,996.0
2018-08-19 00:00:00,2018229N11160,CIMARON,2018-08-19 00:00:00,2018.0,15.0,152.3,23.14998,996.0
2018-08-19 06:00:00,2018229N11160,CIMARON,2018-08-19 06:00:00,2018.0,15.575,151.325,23.14998,994.0
2018-08-19 12:00:00,2018229N11160,CIMARON,2018-08-19 12:00:00,2018.0,15.975,150.55,28.29442,989.0
2018-08-19 18:00:00,2018229N11160,CIMARON,2018-08-19 18:00:00,2018.0,16.5,149.9,30.86664,984.0
2018-08-20 00:00:00,2018229N11160,CIMARON,2018-08-20 00:00:00,2018.0,17.0,149.05,30.86664,984.0
2018-08-20 06:00:00,2018229N11160,CIMARON,2018-08-20 06:00:00,2018.0,17.625,148.05,33.43886,979.0
2018-08-20 12:00:00,2018229N11160,CIMARON,2018-08-20 12:00:00,2018.0,18.325,147.3,36.01108,976.0
2018-08-20 18:00:00,2018229N11160,CIMARON,2018-08-20 18:00:00,2018.0,19.175,146.35,33.43886,978.0
2018-08-21 00:00:00,2018229N11160,CIMARON,2018-08-21 00:00:00,2018.0,20.1,145.05,38.5833,972.0
2018-08-21 06:00:00,2018229N11160,CIMARON,2018-08-21 06:00:00,2018.0,21.2,144.1,43.72774,964.0
2018-08-21 12:00:00,2018229N11160,CIMARON,2018-08-21 12:00:00,2018.0,21.925,142.75,46.29996,959.0
2018-08-21 18:00:00,2018229N11160,CIMARON,2018-08-21 18:00:00,2018.0,23.1,141.325,51.4444,950.0
2018-08-22 00:00:00,2018229N11160,CIMARON,2018-08-22 00:00:00,2018.0,24.2,139.925,59.16106,936.0
2018-08-22 06:00:00,2018229N11160,CIMARON,2018-08-22 06:00:00,2018.0,25.475,138.8,56.588840000000005,940.0
2018-08-22 12:00:00,2018229N11160,CIMARON,2018-08-22 12:00:00,2018.0,26.875,137.325,51.4444,948.0
2018-08-22 18:00:00,2018229N11160,CIMARON,2018-08-22 18:00:00,2018.0,28.375,135.9,46.29996,955.0
2018-08-23 00:00:00,2018229N11160,CIMARON,2018-08-23 00:00:00,2018.0,29.95,135.025,41.15552,960.0
2018-08-23 06:00:00,2018229N11160,CIMARON,2018-08-23 06:00:00,2018.0,31.825,134.4,38.5833,962.0
2018-08-23 12:00:00,2018229N11160,CIMARON,2018-08-23 12:00:00,2018.0,33.7,134.55,36.01108,963.0
2018-08-23 18:00:00,2018229N11160,CIMARON,2018-08-23 18:00:00,2018.0,36.48,135.067,28.29442,971.0
2018-08-24 00:00:00,2018229N11160,CIMARON,2018-08-24 00:00:00,2018.0,39.0077,136.038,23.14998,984.0
2018-08-24 06:00:00,2018229N11160,CIMARON,2018-08-24 06:00:00,2018.0,40.66,137.67,20.57776,982.0
2018-08-24 12:00:00,2018229N11160,CIMARON,2018-08-24 12:00:00,2018.0,41.56,139.98,18.00554,984.0
2018-08-27 00:00:00,2018239N11161,JEBI,2018-08-27 00:00:00,2018.0,12.16,159.6,10.28888,1005.0
2018-08-27 06:00:00,2018239N11161,JEBI,2018-08-27 06:00:00,2018.0,13.07,159.17,12.8611,1004.0
2018-08-27 12:00:00,2018239N11161,JEBI,2018-08-27 12:00:00,2018.0,13.8154,158.777,15.43332,1002.0
2018-08-27 18:00:00,2018239N11161,JEBI,2018-08-27 18:00:00,2018.0,14.6,157.927,15.43332,1003.0
2018-08-28 00:00:00,2018239N11161,JEBI,2018-08-28 00:00:00,2018.0,15.35,157.025,18.00554,1001.0
2018-08-28 06:00:00,2018239N11161,JEBI,2018-08-28 06:00:00,2018.0,16.075,156.275,23.14998,989.0
2018-08-28 12:00:00,2018239N11161,JEBI,2018-08-28 12:00:00,2018.0,16.55,155.45,25.7222,985.0
2018-08-28 18:00:00,2018239N11161,JEBI,2018-08-28 18:00:00,2018.0,16.725,154.375,28.29442,982.0
2018-08-29 00:00:00,2018239N11161,JEBI,2018-08-29 00:00:00,2018.0,17.0,153.45,30.86664,978.0
2018-08-29 06:00:00,2018239N11161,JEBI,2018-08-29 06:00:00,2018.0,17.25,152.3,36.01108,970.0
2018-08-29 12:00:00,2018239N11161,JEBI,2018-08-29 12:00:00,2018.0,17.3,151.375,41.15552,963.0
2018-08-29 18:00:00,2018239N11161,JEBI,2018-08-29 18:00:00,2018.0,17.375,150.45,46.29996,969.0
2018-08-30 00:00:00,2018239N11161,JEBI,2018-08-30 00:00:00,2018.0,17.6,149.15,51.4444,948.0
2018-08-30 06:00:00,2018239N11161,JEBI,2018-08-30 06:00:00,2018.0,17.7,148.1,56.588840000000005,941.0
2018-08-30 12:00:00,2018239N11161,JEBI,2018-08-30 12:00:00,2018.0,17.8,146.875,64.3055,929.0
2018-08-30 18:00:00,2018239N11161,JEBI,2018-08-30 18:00:00,2018.0,17.8,145.4,72.02216,921.0
2018-08-31 00:00:00,2018239N11161,JEBI,2018-08-31 00:00:00,2018.0,17.9,144.175,77.1666,911.0
2018-08-31 06:00:00,2018239N11161,JEBI,2018-08-31 06:00:00,2018.0,18.25,142.675,79.73882,907.0
2018-08-31 12:00:00,2018239N11161,JEBI,2018-08-31 12:00:00,2018.0,18.5,141.475,77.1666,911.0
2018-08-31 18:00:00,2018239N11161,JEBI,2018-08-31 18:00:00,2018.0,19.075,140.275,74.59438,914.0
2018-09-01 00:00:00,2018239N11161,JEBI,2018-09-01 00:00:00,2018.0,19.6,139.2,72.02216,915.0
2018-09-01 06:00:00,2018239N11161,JEBI,2018-09-01 06:00:00,2018.0,20.375,138.25,72.02216,918.0
2018-09-01 12:00:00,2018239N11161,JEBI,2018-09-01 12:00:00,2018.0,21.0,137.35,69.44994,922.0
2018-09-01 18:00:00,2018239N11161,JEBI,2018-09-01 18:00:00,2018.0,21.75,136.5,64.3055,929.0
2018-09-02 00:00:00,2018239N11161,JEBI,2018-09-02 00:00:00,2018.0,22.675,135.8,61.73328,933.0
2018-09-02 06:00:00,2018239N11161,JEBI,2018-09-02 06:00:00,2018.0,23.65,134.975,64.3055,929.0
2018-09-02 12:00:00,2018239N11161,JEBI,2018-09-02 12:00:00,2018.0,24.5,134.375,61.73328,931.0
2018-09-02 18:00:00,2018239N11161,JEBI,2018-09-02 18:00:00,2018.0,25.5,133.75,59.16106,936.0
2018-09-03 00:00:00,2018239N11161,JEBI,2018-09-03 00:00:00,2018.0,26.55,133.15,56.588840000000005,939.0
2018-09-03 06:00:00,2018239N11161,JEBI,2018-09-03 06:00:00,2018.0,27.475,132.575,54.01662,943.0
2018-09-03 12:00:00,2018239N11161,JEBI,2018-09-03 12:00:00,2018.0,28.65,132.525,54.01662,943.0
2018-09-03 18:00:00,2018239N11161,JEBI,2018-09-03 18:00:00,2018.0,30.275,132.875,51.4444,942.0
2018-09-04 00:00:00,2018239N11161,JEBI,2018-09-04 00:00:00,2018.0,32.35,133.8,51.4444,942.0
2018-09-04 06:00:00,2018239N11161,JEBI,2018-09-04 06:00:00,2018.0,35.4933,135.62,41.15552,963.0
2018-09-04 12:00:00,2018239N11161,JEBI,2018-09-04 12:00:00,2018.0,39.2917,137.683,30.86664,978.0
2018-09-04 18:00:00,2018239N11161,JEBI,2018-09-04 18:00:00,2018.0,43.1111,139.456,25.7222,985.0
2018-09-06 18:00:00,2018250N12170,MANGKHUT,2018-09-06 18:00:00,2018.0,12.0,169.225,10.28888,1007.0
2018-09-07 00:00:00,2018250N12170,MANGKHUT,2018-09-07 00:00:00,2018.0,12.0875,167.875,10.28888,1007.0
2018-09-07 06:00:00,2018250N12170,MANGKHUT,2018-09-07 06:00:00,2018.0,12.35,166.575,12.8611,1004.0
2018-09-07 12:00:00,2018250N12170,MANGKHUT,2018-09-07 12:00:00,2018.0,12.82,165.367,15.43332,1000.0
2018-09-07 18:00:00,2018250N12170,MANGKHUT,2018-09-07 18:00:00,2018.0,13.075,163.8,18.00554,1005.0
2018-09-08 00:00:00,2018250N12170,MANGKHUT,2018-09-08 00:00:00,2018.0,13.6,162.35,20.57776,1002.0
2018-09-08 06:00:00,2018250N12170,MANGKHUT,2018-09-08 06:00:00,2018.0,14.3,160.825,23.14998,999.0
2018-09-08 12:00:00,2018250N12170,MANGKHUT,2018-09-08 12:00:00,2018.0,14.575,159.125,25.7222,998.0
2018-09-08 18:00:00,2018250N12170,MANGKHUT,2018-09-08 18:00:00,2018.0,14.75,157.125,28.29442,995.0
2018-09-09 00:00:00,2018250N12170,MANGKHUT,2018-09-09 00:00:00,2018.0,14.925,155.05,33.43886,989.0
2018-09-09 06:00:00,2018250N12170,MANGKHUT,2018-09-09 06:00:00,2018.0,15.3,153.025,36.01108,985.0
2018-09-09 12:00:00,2018250N12170,MANGKHUT,2018-09-09 12:00:00,2018.0,15.15,151.225,36.01108,985.0
2018-09-09 18:00:00,2018250N12170,MANGKHUT,2018-09-09 18:00:00,2018.0,14.65,149.125,38.5833,983.0
2018-09-10 00:00:00,2018250N12170,MANGKHUT,2018-09-10 00:00:00,2018.0,14.525,147.45,43.72774,976.0
2018-09-10 06:00:00,2018250N12170,MANGKHUT,2018-09-10 06:00:00,2018.0,14.35,145.6,46.29996,962.0
2018-09-10 12:00:00,2018250N12170,MANGKHUT,2018-09-10 12:00:00,2018.0,14.15,144.2,51.4444,958.0
2018-09-10 18:00:00,2018250N12170,MANGKHUT,2018-09-10 18:00:00,2018.0,13.975,142.625,56.588840000000005,950.0
2018-09-11 00:00:00,2018250N12170,MANGKHUT,2018-09-11 00:00:00,2018.0,13.975,141.225,64.3055,935.0
2018-09-11 06:00:00,2018250N12170,MANGKHUT,2018-09-11 06:00:00,2018.0,13.925,139.825,72.02216,919.0
2018-09-11 12:00:00,2018250N12170,MANGKHUT,2018-09-11 12:00:00,2018.0,13.725,138.675,72.02216,917.0
2018-09-11 18:00:00,2018250N12170,MANGKHUT,2018-09-11 18:00:00,2018.0,13.975,137.35,72.02216,916.0
2018-09-12 00:00:00,2018250N12170,MANGKHUT,2018-09-12 00:00:00,2018.0,13.9,136.225,74.59438,910.0
2018-09-12 06:00:00,2018250N12170,MANGKHUT,2018-09-12 06:00:00,2018.0,13.975,135.175,79.73882,900.0
2018-09-12 12:00:00,2018250N12170,MANGKHUT,2018-09-12 12:00:00,2018.0,14.25,133.95,79.73882,900.0
2018-09-12 18:00:00,2018250N12170,MANGKHUT,2018-09-12 18:00:00,2018.0,14.375,132.5,79.73882,900.0
2018-09-13 00:00:00,2018250N12170,MANGKHUT,2018-09-13 00:00:00,2018.0,14.5,131.35,77.1666,902.0
2018-09-13 06:00:00,2018250N12170,MANGKHUT,2018-09-13 06:00:00,2018.0,14.725,130.075,74.59438,906.0
2018-09-13 12:00:00,2018250N12170,MANGKHUT,2018-09-13 12:00:00,2018.0,14.925,128.95,74.59438,906.0
2018-09-13 18:00:00,2018250N12170,MANGKHUT,2018-09-13 18:00:00,2018.0,15.225,127.9,79.73882,900.0
2018-09-14 00:00:00,2018250N12170,MANGKHUT,2018-09-14 00:00:00,2018.0,15.925,126.925,77.1666,900.0
2018-09-14 06:00:00,2018250N12170,MANGKHUT,2018-09-14 06:00:00,2018.0,16.725,125.6,74.59438,904.0
2018-09-14 12:00:00,2018250N12170,MANGKHUT,2018-09-14 12:00:00,2018.0,17.4,124.125,72.02216,911.0
2018-09-14 18:00:00,2018250N12170,MANGKHUT,2018-09-14 18:00:00,2018.0,17.975,122.325,72.02216,911.0
2018-09-15 00:00:00,2018250N12170,MANGKHUT,2018-09-15 00:00:00,2018.0,18.1,120.7,59.16106,937.0
2018-09-15 06:00:00,2018250N12170,MANGKHUT,2018-09-15 06:00:00,2018.0,18.525,119.675,54.01662,946.0
2018-09-15 12:00:00,2018250N12170,MANGKHUT,2018-09-15 12:00:00,2018.0,19.225,118.275,48.87218,952.0
2018-09-15 18:00:00,2018250N12170,MANGKHUT,2018-09-15 18:00:00,2018.0,19.8,116.925,43.72774,959.0
2018-09-16 00:00:00,2018250N12170,MANGKHUT,2018-09-16 00:00:00,2018.0,20.675,115.275,41.15552,961.0
2018-09-16 06:00:00,2018250N12170,MANGKHUT,2018-09-16 06:00:00,2018.0,21.525,113.525,41.15552,962.0
2018-09-16 12:00:00,2018250N12170,MANGKHUT,2018-09-16 12:00:00,2018.0,22.075,111.55,38.5833,965.0
2018-09-16 18:00:00,2018250N12170,MANGKHUT,2018-09-16 18:00:00,2018.0,22.45,109.875,30.86664,978.0
2018-09-17 00:00:00,2018250N12170,MANGKHUT,2018-09-17 00:00:00,2018.0,22.95,108.525,20.57776,989.0
2018-09-17 06:00:00,2018250N12170,MANGKHUT,2018-09-17 06:00:00,2018.0,23.7,107.15,15.43332,992.0
2018-09-17 12:00:00,2018250N12170,MANGKHUT,2018-09-17 12:00:00,2018.0,23.94,105.6,10.28888,1000.0
2018-09-20 06:00:00,2018263N12146,TRAMI,2018-09-20 06:00:00,2018.0,12.35,146.45,10.28888,1002.0
2018-09-20 12:00:00,2018263N12146,TRAMI,2018-09-20 12:00:00,2018.0,13.0143,145.829,10.28888,1002.0
2018-09-20 18:00:00,2018263N12146,TRAMI,2018-09-20 18:00:00,2018.0,13.7545,145.209,12.8611,1003.0
2018-09-21 00:00:00,2018263N12146,TRAMI,2018-09-21 00:00:00,2018.0,14.4667,144.367,15.43332,1003.0
2018-09-21 06:00:00,2018263N12146,TRAMI,2018-09-21 06:00:00,2018.0,14.9667,143.533,18.00554,1001.0
2018-09-21 12:00:00,2018263N12146,TRAMI,2018-09-21 12:00:00,2018.0,15.3692,142.6,20.57776,1000.0
2018-09-21 18:00:00,2018263N12146,TRAMI,2018-09-21 18:00:00,2018.0,15.58,141.567,23.14998,996.0
2018-09-22 00:00:00,2018263N12146,TRAMI,2018-09-22 00:00:00,2018.0,16.025,140.3,25.7222,994.0
2018-09-22 06:00:00,2018263N12146,TRAMI,2018-09-22 06:00:00,2018.0,16.625,138.925,28.29442,992.0
2018-09-22 12:00:00,2018263N12146,TRAMI,2018-09-22 12:00:00,2018.0,16.9,137.65,30.86664,989.0
2018-09-22 18:00:00,2018263N12146,TRAMI,2018-09-22 18:00:00,2018.0,16.95,136.175,36.01108,982.0
2018-09-23 00:00:00,2018263N12146,TRAMI,2018-09-23 00:00:00,2018.0,17.025,135.125,41.15552,975.0
2018-09-23 06:00:00,2018263N12146,TRAMI,2018-09-23 06:00:00,2018.0,17.275,134.225,51.4444,958.0
2018-09-23 12:00:00,2018263N12146,TRAMI,2018-09-23 12:00:00,2018.0,17.5,133.3,59.16106,944.0
2018-09-23 18:00:00,2018263N12146,TRAMI,2018-09-23 18:00:00,2018.0,18.075,132.2,61.73328,938.0
2018-09-24 00:00:00,2018263N12146,TRAMI,2018-09-24 00:00:00,2018.0,18.45,131.275,64.3055,933.0
2018-09-24 06:00:00,2018263N12146,TRAMI,2018-09-24 06:00:00,2018.0,18.9,130.425,66.87772,927.0
2018-09-24 12:00:00,2018263N12146,TRAMI,2018-09-24 12:00:00,2018.0,19.3,129.7,69.44994,920.0
2018-09-24 18:00:00,2018263N12146,TRAMI,2018-09-24 18:00:00,2018.0,19.575,129.075,72.02216,914.0
2018-09-25 00:00:00,2018263N12146,TRAMI,2018-09-25 00:00:00,2018.0,19.6,128.725,69.44994,919.0
2018-09-25 06:00:00,2018263N12146,TRAMI,2018-09-25 06:00:00,2018.0,19.8,128.85,66.87772,921.0
2018-09-25 12:00:00,2018263N12146,TRAMI,2018-09-25 12:00:00,2018.0,20.0,128.875,61.73328,930.0
2018-09-25 18:00:00,2018263N12146,TRAMI,2018-09-25 18:00:00,2018.0,20.3,128.9,56.588840000000005,943.0
2018-09-26 00:00:00,2018263N12146,TRAMI,2018-09-26 00:00:00,2018.0,20.65,129.0,56.588840000000005,942.0
2018-09-26 06:00:00,2018263N12146,TRAMI,2018-09-26 06:00:00,2018.0,20.95,129.2,48.87218,952.0
2018-09-26 12:00:00,2018263N12146,TRAMI,2018-09-26 12:00:00,2018.0,21.275,129.2,46.29996,954.0
2018-09-26 18:00:00,2018263N12146,TRAMI,2018-09-26 18:00:00,2018.0,21.425,129.175,46.29996,953.0
2018-09-27 00:00:00,2018263N12146,TRAMI,2018-09-27 00:00:00,2018.0,21.55,129.125,46.29996,955.0
2018-09-27 06:00:00,2018263N12146,TRAMI,2018-09-27 06:00:00,2018.0,21.675,129.025,46.29996,952.0
2018-09-27 12:00:00,2018263N12146,TRAMI,2018-09-27 12:00:00,2018.0,21.9,128.8,46.29996,951.0
2018-09-27 18:00:00,2018263N12146,TRAMI,2018-09-27 18:00:00,2018.0,22.25,128.425,46.29996,953.0
2018-09-28 00:00:00,2018263N12146,TRAMI,2018-09-28 00:00:00,2018.0,22.525,127.9,48.87218,951.0
2018-09-28 06:00:00,2018263N12146,TRAMI,2018-09-28 06:00:00,2018.0,23.1,127.35,48.87218,949.0
2018-09-28 12:00:00,2018263N12146,TRAMI,2018-09-28 12:00:00,2018.0,23.8,126.95,48.87218,949.0
2018-09-28 18:00:00,2018263N12146,TRAMI,2018-09-28 18:00:00,2018.0,24.575,126.75,48.87218,951.0
2018-09-29 00:00:00,2018263N12146,TRAMI,2018-09-29 00:00:00,2018.0,25.4,126.8,46.29996,954.0
2018-09-29 06:00:00,2018263N12146,TRAMI,2018-09-29 06:00:00,2018.0,26.425,127.375,46.29996,952.0
2018-09-29 12:00:00,2018263N12146,TRAMI,2018-09-29 12:00:00,2018.0,27.8,128.375,46.29996,953.0
2018-09-29 18:00:00,2018263N12146,TRAMI,2018-09-29 18:00:00,2018.0,29.125,129.425,43.72774,957.0
2018-09-30 00:00:00,2018263N12146,TRAMI,2018-09-30 00:00:00,2018.0,30.525,131.0,41.15552,959.0
2018-09-30 06:00:00,2018263N12146,TRAMI,2018-09-30 06:00:00,2018.0,32.275,133.025,38.5833,960.0
2018-09-30 12:00:00,2018263N12146,TRAMI,2018-09-30 12:00:00,2018.0,34.2533,136.0,36.01108,959.0
2018-09-30 18:00:00,2018263N12146,TRAMI,2018-09-30 18:00:00,2018.0,37.3583,140.1,30.86664,964.0
2018-10-01 00:00:00,2018263N12146,TRAMI,2018-10-01 00:00:00,2018.0,41.4,144.2,28.29442,967.0
2018-09-27 12:00:00,2018271N06154,KONG-REY,2018-09-27 12:00:00,2018.0,6.3,153.5,12.8611,1004.0
2018-09-27 18:00:00,2018271N06154,KONG-REY,2018-09-27 18:00:00,2018.0,7.2,152.3,12.8611,1004.0
2018-09-28 00:00:00,2018271N06154,KONG-REY,2018-09-28 00:00:00,2018.0,7.41667,151.033,12.8611,1004.0
2018-09-28 06:00:00,2018271N06154,KONG-REY,2018-09-28 06:00:00,2018.0,8.62,149.54,15.43332,1003.0
2018-09-28 12:00:00,2018271N06154,KONG-REY,2018-09-28 12:00:00,2018.0,9.66667,148.0,18.00554,1003.0
2018-09-28 18:00:00,2018271N06154,KONG-REY,2018-09-28 18:00:00,2018.0,11.0385,146.5,18.00554,1003.0
2018-09-29 00:00:00,2018271N06154,KONG-REY,2018-09-29 00:00:00,2018.0,12.0467,144.367,20.57776,1001.0
2018-09-29 06:00:00,2018271N06154,KONG-REY,2018-09-29 06:00:00,2018.0,12.425,142.6,23.14998,999.0
2018-09-29 12:00:00,2018271N06154,KONG-REY,2018-09-29 12:00:00,2018.0,12.725,141.175,25.7222,997.0
2018-09-29 18:00:00,2018271N06154,KONG-REY,2018-09-29 18:00:00,2018.0,13.125,139.725,33.43886,989.0
2018-09-30 00:00:00,2018271N06154,KONG-REY,2018-09-30 00:00:00,2018.0,13.65,138.85,41.15552,976.0
2018-09-30 06:00:00,2018271N06154,KONG-REY,2018-09-30 06:00:00,2018.0,14.45,138.0,41.15552,974.0
2018-09-30 12:00:00,2018271N06154,KONG-REY,2018-09-30 12:00:00,2018.0,14.95,137.25,43.72774,972.0
2018-09-30 18:00:00,2018271N06154,KONG-REY,2018-09-30 18:00:00,2018.0,15.4,136.45,46.29996,968.0
2018-10-01 00:00:00,2018271N06154,KONG-REY,2018-10-01 00:00:00,2018.0,15.6,135.85,51.4444,958.0
2018-10-01 06:00:00,2018271N06154,KONG-REY,2018-10-01 06:00:00,2018.0,16.1,135.2,59.16106,943.0
2018-10-01 12:00:00,2018271N06154,KONG-REY,2018-10-01 12:00:00,2018.0,16.8,134.4,69.44994,923.0
2018-10-01 18:00:00,2018271N06154,KONG-REY,2018-10-01 18:00:00,2018.0,17.25,133.6,77.1666,906.0
2018-10-02 00:00:00,2018271N06154,KONG-REY,2018-10-02 00:00:00,2018.0,17.625,132.7,74.59438,911.0
2018-10-02 06:00:00,2018271N06154,KONG-REY,2018-10-02 06:00:00,2018.0,18.175,132.025,72.02216,916.0
2018-10-02 12:00:00,2018271N06154,KONG-REY,2018-10-02 12:00:00,2018.0,18.875,131.225,66.87772,928.0
2018-10-02 18:00:00,2018271N06154,KONG-REY,2018-10-02 18:00:00,2018.0,19.525,130.375,61.73328,937.0
2018-10-03 00:00:00,2018271N06154,KONG-REY,2018-10-03 00:00:00,2018.0,20.1,129.725,54.01662,951.0
2018-10-03 06:00:00,2018271N06154,KONG-REY,2018-10-03 06:00:00,2018.0,20.825,129.175,48.87218,958.0
2018-10-03 12:00:00,2018271N06154,KONG-REY,2018-10-03 12:00:00,2018.0,21.6,128.75,43.72774,964.0
2018-10-03 18:00:00,2018271N06154,KONG-REY,2018-10-03 18:00:00,2018.0,22.475,128.1,38.5833,970.0
2018-10-04 00:00:00,2018271N06154,KONG-REY,2018-10-04 00:00:00,2018.0,23.225,127.65,36.01108,977.0
2018-10-04 06:00:00,2018271N06154,KONG-REY,2018-10-04 06:00:00,2018.0,24.375,127.1,33.43886,973.0
2018-10-04 12:00:00,2018271N06154,KONG-REY,2018-10-04 12:00:00,2018.0,25.425,126.65,33.43886,974.0
2018-10-04 18:00:00,2018271N06154,KONG-REY,2018-10-04 18:00:00,2018.0,26.725,126.075,33.43886,976.0
2018-10-05 00:00:00,2018271N06154,KONG-REY,2018-10-05 00:00:00,2018.0,27.95,125.8,30.86664,978.0
2018-10-05 06:00:00,2018271N06154,KONG-REY,2018-10-05 06:00:00,2018.0,29.45,125.825,30.86664,979.0
2018-10-05 12:00:00,2018271N06154,KONG-REY,2018-10-05 12:00:00,2018.0,31.375,125.975,33.43886,975.0
2018-10-05 18:00:00,2018271N06154,KONG-REY,2018-10-05 18:00:00,2018.0,32.825,126.575,33.43886,976.0
2018-10-06 00:00:00,2018271N06154,KONG-REY,2018-10-06 00:00:00,2018.0,34.775,128.25,30.86664,979.0
2018-10-06 06:00:00,2018271N06154,KONG-REY,2018-10-06 06:00:00,2018.0,37.075,130.4,28.29442,983.0
2018-10-06 12:00:00,2018271N06154,KONG-REY,2018-10-06 12:00:00,2018.0,38.7533,133.407,25.7222,984.0
2018-10-06 18:00:00,2018271N06154,KONG-REY,2018-10-06 18:00:00,2018.0,40.725,136.875,23.14998,986.0
2018-10-07 00:00:00,2018271N06154,KONG-REY,2018-10-07 00:00:00,2018.0,42.0889,140.933,23.14998,987.0
2018-10-20 18:00:00,2018294N08161,YUTU,2018-10-20 18:00:00,2018.0,8.25,160.8,10.28888,1008.0
2018-10-21 00:00:00,2018294N08161,YUTU,2018-10-21 00:00:00,2018.0,8.31429,159.743,10.28888,1007.0
2018-10-21 06:00:00,2018294N08161,YUTU,2018-10-21 06:00:00,2018.0,8.43333,158.642,10.28888,1005.0
2018-10-21 12:00:00,2018294N08161,YUTU,2018-10-21 12:00:00,2018.0,8.55333,157.8,12.8611,1006.0
2018-10-21 18:00:00,2018294N08161,YUTU,2018-10-21 18:00:00,2018.0,8.8,156.9,15.43332,1004.0
2018-10-22 00:00:00,2018294N08161,YUTU,2018-10-22 00:00:00,2018.0,9.25,155.9,18.00554,1001.0
2018-10-22 06:00:00,2018294N08161,YUTU,2018-10-22 06:00:00,2018.0,10.025,155.0,20.57776,997.0
2018-10-22 12:00:00,2018294N08161,YUTU,2018-10-22 12:00:00,2018.0,10.775,153.925,25.7222,995.0
2018-10-22 18:00:00,2018294N08161,YUTU,2018-10-22 18:00:00,2018.0,11.25,152.775,30.86664,987.0
2018-10-23 00:00:00,2018294N08161,YUTU,2018-10-23 00:00:00,2018.0,11.65,151.65,33.43886,984.0
2018-10-23 06:00:00,2018294N08161,YUTU,2018-10-23 06:00:00,2018.0,11.875,150.6,38.5833,976.0
2018-10-23 12:00:00,2018294N08161,YUTU,2018-10-23 12:00:00,2018.0,12.1,149.625,46.29996,967.0
2018-10-23 18:00:00,2018294N08161,YUTU,2018-10-23 18:00:00,2018.0,12.7,148.9,56.588840000000005,948.0
2018-10-24 00:00:00,2018294N08161,YUTU,2018-10-24 00:00:00,2018.0,13.325,148.0,66.87772,927.0
2018-10-24 06:00:00,2018294N08161,YUTU,2018-10-24 06:00:00,2018.0,13.975,147.1,74.59438,908.0
2018-10-24 12:00:00,2018294N08161,YUTU,2018-10-24 12:00:00,2018.0,14.675,146.225,77.1666,905.0
2018-10-24 18:00:00,2018294N08161,YUTU,2018-10-24 18:00:00,2018.0,15.325,145.25,77.1666,904.0
2018-10-25 00:00:00,2018294N08161,YUTU,2018-10-25 00:00:00,2018.0,15.8,144.15,77.1666,906.0
2018-10-25 06:00:00,2018294N08161,YUTU,2018-10-25 06:00:00,2018.0,16.0,143.175,74.59438,910.0
2018-10-25 12:00:00,2018294N08161,YUTU,2018-10-25 12:00:00,2018.0,16.275,142.325,72.02216,916.0
2018-10-25 18:00:00,2018294N08161,YUTU,2018-10-25 18:00:00,2018.0,16.55,141.425,69.44994,921.0
2018-10-26 00:00:00,2018294N08161,YUTU,2018-10-26 00:00:00,2018.0,16.825,140.325,69.44994,921.0
2018-10-26 06:00:00,2018294N08161,YUTU,2018-10-26 06:00:00,2018.0,16.975,139.075,72.02216,916.0
2018-10-26 12:00:00,2018294N08161,YUTU,2018-10-26 12:00:00,2018.0,17.225,137.65,74.59438,912.0
2018-10-26 18:00:00,2018294N08161,YUTU,2018-10-26 18:00:00,2018.0,17.575,136.175,77.1666,906.0
2018-10-27 00:00:00,2018294N08161,YUTU,2018-10-27 00:00:00,2018.0,17.725,134.725,77.1666,905.0
2018-10-27 06:00:00,2018294N08161,YUTU,2018-10-27 06:00:00,2018.0,17.925,133.3,72.02216,916.0
2018-10-27 12:00:00,2018294N08161,YUTU,2018-10-27 12:00:00,2018.0,17.975,132.15,72.02216,917.0
2018-10-27 18:00:00,2018294N08161,YUTU,2018-10-27 18:00:00,2018.0,17.975,131.125,69.44994,922.0
2018-10-28 00:00:00,2018294N08161,YUTU,2018-10-28 00:00:00,2018.0,17.975,130.1,66.87772,926.0
2018-10-28 06:00:00,2018294N08161,YUTU,2018-10-28 06:00:00,2018.0,17.95,129.05,66.87772,925.0
2018-10-28 12:00:00,2018294N08161,YUTU,2018-10-28 12:00:00,2018.0,17.775,128.05,61.73328,937.0
2018-10-28 18:00:00,2018294N08161,YUTU,2018-10-28 18:00:00,2018.0,17.475,127.075,54.01662,953.0
2018-10-29 00:00:00,2018294N08161,YUTU,2018-10-29 00:00:00,2018.0,17.0,126.175,51.4444,956.0
2018-10-29 06:00:00,2018294N08161,YUTU,2018-10-29 06:00:00,2018.0,16.825,125.275,54.01662,951.0
2018-10-29 12:00:00,2018294N08161,YUTU,2018-10-29 12:00:00,2018.0,16.8,124.2,61.73328,938.0
2018-10-29 18:00:00,2018294N08161,YUTU,2018-10-29 18:00:00,2018.0,16.775,123.0,54.01662,950.0
2018-10-30 00:00:00,2018294N08161,YUTU,2018-10-30 00:00:00,2018.0,16.725,121.575,46.29996,964.0
2018-10-30 06:00:00,2018294N08161,YUTU,2018-10-30 06:00:00,2018.0,16.65,120.25,38.5833,976.0
2018-10-30 12:00:00,2018294N08161,YUTU,2018-10-30 12:00:00,2018.0,16.75,119.2,33.43886,984.0
2018-10-30 18:00:00,2018294N08161,YUTU,2018-10-30 18:00:00,2018.0,16.975,118.65,30.86664,985.0
2018-10-31 00:00:00,2018294N08161,YUTU,2018-10-31 00:00:00,2018.0,17.45,118.1,25.7222,992.0
2018-10-31 06:00:00,2018294N08161,YUTU,2018-10-31 06:00:00,2018.0,18.05,117.6,25.7222,992.0
2018-10-31 12:00:00,2018294N08161,YUTU,2018-10-31 12:00:00,2018.0,18.45,117.275,25.7222,993.0
2018-10-31 18:00:00,2018294N08161,YUTU,2018-10-31 18:00:00,2018.0,18.9,116.95,25.7222,992.0
2018-11-01 00:00:00,2018294N08161,YUTU,2018-11-01 00:00:00,2018.0,19.5,116.7,28.29442,991.0
2018-11-01 06:00:00,2018294N08161,YUTU,2018-11-01 06:00:00,2018.0,19.95,116.575,30.86664,987.0
2018-11-01 12:00:00,2018294N08161,YUTU,2018-11-01 12:00:00,2018.0,20.275,116.525,30.86664,987.0
2018-11-01 18:00:00,2018294N08161,YUTU,2018-11-01 18:00:00,2018.0,20.55,116.525,25.7222,996.0
2018-11-02 00:00:00,2018294N08161,YUTU,2018-11-02 00:00:00,2018.0,20.7,116.3,20.57776,1001.0
2018-11-02 06:00:00,2018294N08161,YUTU,2018-11-02 06:00:00,2018.0,20.7,116.075,18.00554,1003.0
2018-11-02 12:00:00,2018294N08161,YUTU,2018-11-02 12:00:00,2018.0,20.4933,115.947,12.8611,1007.0
2018-11-02 18:00:00,2018294N08161,YUTU,2018-11-02 18:00:00,2018.0,20.1917,115.767,10.28888,1007.0
2018-11-03 00:00:00,2018294N08161,YUTU,2018-11-03 00:00:00,2018.0,19.9,115.571,10.28888,1012.0
2018-11-03 06:00:00,2018294N08161,YUTU,2018-11-03 06:00:00,2018.0,19.6,115.35,7.71666,1012.0
2018-11-07 00:00:00,2018311N07179,USAGI,2018-11-07 00:00:00,2018.0,7.3,179.0,7.71666,1006.0
2018-11-07 06:00:00,2018311N07179,USAGI,2018-11-07 06:00:00,2018.0,7.3,178.4,10.28888,1006.0
2018-11-07 12:00:00,2018311N07179,USAGI,2018-11-07 12:00:00,2018.0,7.2,177.8,7.71666,1006.0
2018-11-07 18:00:00,2018311N07179,USAGI,2018-11-07 18:00:00,2018.0,7.2,177.6,10.28888,1005.0
2018-11-08 00:00:00,2018311N07179,USAGI,2018-11-08 00:00:00,2018.0,7.2,177.4,10.28888,1003.0
2018-11-08 06:00:00,2018311N07179,USAGI,2018-11-08 06:00:00,2018.0,7.2,176.8,10.28888,1001.0
2018-11-08 12:00:00,2018311N07179,USAGI,2018-11-08 12:00:00,2018.0,7.5,176.0,10.28888,1002.0
2018-11-08 18:00:00,2018311N07179,USAGI,2018-11-08 18:00:00,2018.0,7.7,174.8,10.28888,1000.0
2018-11-09 00:00:00,2018311N07179,USAGI,2018-11-09 00:00:00,2018.0,8.0,174.1,10.28888,1003.0
2018-11-09 06:00:00,2018311N07179,USAGI,2018-11-09 06:00:00,2018.0,8.3,173.1,7.71666,1003.0
2018-11-09 12:00:00,2018311N07179,USAGI,2018-11-09 12:00:00,2018.0,8.4,172.0,7.71666,1003.0
2018-11-09 18:00:00,2018311N07179,USAGI,2018-11-09 18:00:00,2018.0,8.5,171.3,10.28888,1004.0
2018-11-10 00:00:00,2018311N07179,USAGI,2018-11-10 00:00:00,2018.0,8.5,170.6,10.28888,1004.0
2018-11-10 06:00:00,2018311N07179,USAGI,2018-11-10 06:00:00,2018.0,8.5,169.6,12.8611,1005.0
2018-11-10 12:00:00,2018311N07179,USAGI,2018-11-10 12:00:00,2018.0,8.8,168.5,12.8611,1005.0
2018-11-10 18:00:00,2018311N07179,USAGI,2018-11-10 18:00:00,2018.0,9.8,167.3,12.8611,1003.0
2018-11-11 00:00:00,2018311N07179,USAGI,2018-11-11 00:00:00,2018.0,10.6,165.9,12.8611,1005.0
2018-11-11 06:00:00,2018311N07179,USAGI,2018-11-11 06:00:00,2018.0,11.2,164.4,10.28888,1006.0
2018-11-11 12:00:00,2018311N07179,USAGI,2018-11-11 12:00:00,2018.0,11.5,162.8,10.28888,1006.0
2018-11-11 18:00:00,2018311N07179,USAGI,2018-11-11 18:00:00,2018.0,11.5,161.7,10.28888,1006.0
2018-11-12 00:00:00,2018311N07179,USAGI,2018-11-12 00:00:00,2018.0,11.2,160.7,10.28888,1007.0
2018-11-12 06:00:00,2018311N07179,USAGI,2018-11-12 06:00:00,2018.0,10.6,159.7,7.71666,1005.0
2018-11-12 12:00:00,2018311N07179,USAGI,2018-11-12 12:00:00,2018.0,10.1,158.5,7.71666,1007.0
2018-11-12 18:00:00,2018311N07179,USAGI,2018-11-12 18:00:00,2018.0,9.5,157.5,7.71666,1007.0
2018-11-13 00:00:00,2018311N07179,USAGI,2018-11-13 00:00:00,2018.0,9.6,156.94,7.71666,1007.0
2018-11-13 06:00:00,2018311N07179,USAGI,2018-11-13 06:00:00,2018.0,9.27143,155.971,7.71666,1007.0
2018-11-13 12:00:00,2018311N07179,USAGI,2018-11-13 12:00:00,2018.0,8.85,155.1,7.71666,1007.0
2018-11-13 18:00:00,2018311N07179,USAGI,2018-11-13 18:00:00,2018.0,8.6,154.2,7.71666,1007.0
2018-11-14 00:00:00,2018311N07179,USAGI,2018-11-14 00:00:00,2018.0,8.4,153.3,7.71666,1007.0
2018-11-14 06:00:00,2018311N07179,USAGI,2018-11-14 06:00:00,2018.0,8.25,152.3,7.71666,1006.0
2018-11-14 12:00:00,2018311N07179,USAGI,2018-11-14 12:00:00,2018.0,8.25,151.05,7.71666,1008.0
2018-11-14 18:00:00,2018311N07179,USAGI,2018-11-14 18:00:00,2018.0,8.4,149.9,10.28888,1006.0
2018-11-15 00:00:00,2018311N07179,USAGI,2018-11-15 00:00:00,2018.0,8.7,149.15,7.71666,1008.0
2018-11-15 06:00:00,2018311N07179,USAGI,2018-11-15 06:00:00,2018.0,8.7,148.45,7.71666,1008.0
2018-11-15 12:00:00,2018311N07179,USAGI,2018-11-15 12:00:00,2018.0,8.6,147.65,7.71666,1008.0
2018-11-15 18:00:00,2018311N07179,USAGI,2018-11-15 18:00:00,2018.0,8.45,146.7,10.28888,1005.0
2018-11-16 00:00:00,2018311N07179,USAGI,2018-11-16 00:00:00,2018.0,8.35,145.75,10.28888,1005.0
2018-11-16 06:00:00,2018311N07179,USAGI,2018-11-16 06:00:00,2018.0,8.2,144.7,10.28888,1005.0
2018-11-16 12:00:00,2018311N07179,USAGI,2018-11-16 12:00:00,2018.0,8.15,143.35,10.28888,1004.0
2018-11-16 18:00:00,2018311N07179,USAGI,2018-11-16 18:00:00,2018.0,7.85,142.15,10.28888,1002.0
2018-11-17 00:00:00,2018311N07179,USAGI,2018-11-17 00:00:00,2018.0,7.55,141.0,10.28888,1004.0
2018-11-17 06:00:00,2018311N07179,USAGI,2018-11-17 06:00:00,2018.0,7.35,139.8,10.28888,1004.0
2018-11-17 12:00:00,2018311N07179,USAGI,2018-11-17 12:00:00,2018.0,7.05,138.2,12.8611,1004.0
2018-11-17 18:00:00,2018311N07179,USAGI,2018-11-17 18:00:00,2018.0,6.82222,136.844,12.8611,1004.0
2018-11-18 00:00:00,2018311N07179,USAGI,2018-11-18 00:00:00,2018.0,6.55455,135.382,12.8611,1006.0
2018-11-18 06:00:00,2018311N07179,USAGI,2018-11-18 06:00:00,2018.0,6.36667,134.467,15.43332,1003.0
2018-11-18 12:00:00,2018311N07179,USAGI,2018-11-18 12:00:00,2018.0,6.7,133.7,15.43332,1003.0
2018-11-18 18:00:00,2018311N07179,USAGI,2018-11-18 18:00:00,2018.0,7.2,133.067,15.43332,1004.0
2018-11-19 00:00:00,2018311N07179,USAGI,2018-11-19 00:00:00,2018.0,7.93333,132.3,15.43332,1004.0
2018-11-19 06:00:00,2018311N07179,USAGI,2018-11-19 06:00:00,2018.0,8.7,131.167,15.43332,1003.0
2018-11-19 12:00:00,2018311N07179,USAGI,2018-11-19 12:00:00,2018.0,9.26667,130.133,15.43332,1004.0
2018-11-19 18:00:00,2018311N07179,USAGI,2018-11-19 18:00:00,2018.0,9.76667,129.233,15.43332,1004.0
2018-11-20 00:00:00,2018311N07179,USAGI,2018-11-20 00:00:00,2018.0,10.1538,128.485,15.43332,1005.0
2018-11-20 06:00:00,2018311N07179,USAGI,2018-11-20 06:00:00,2018.0,10.5,127.46,15.43332,1002.0
2018-11-20 12:00:00,2018311N07179,USAGI,2018-11-20 12:00:00,2018.0,10.875,126.6,12.8611,1006.0
2018-11-20 18:00:00,2018311N07179,USAGI,2018-11-20 18:00:00,2018.0,11.275,125.3,10.28888,1008.0
2018-11-21 00:00:00,2018311N07179,USAGI,2018-11-21 00:00:00,2018.0,10.975,123.45,10.28888,1009.0
2018-11-21 06:00:00,2018311N07179,USAGI,2018-11-21 06:00:00,2018.0,10.65,121.8,10.28888,1007.0
2018-11-21 12:00:00,2018311N07179,USAGI,2018-11-21 12:00:00,2018.0,10.475,120.4,12.8611,1008.0
2018-11-21 18:00:00,2018311N07179,USAGI,2018-11-21 18:00:00,2018.0,10.7,118.875,15.43332,1006.0
2018-11-22 00:00:00,2018311N07179,USAGI,2018-11-22 00:00:00,2018.0,11.0,117.275,18.00554,1004.0
2018-11-22 06:00:00,2018311N07179,USAGI,2018-11-22 06:00:00,2018.0,11.4,115.75,20.57776,1003.0
2018-11-22 12:00:00,2018311N07179,USAGI,2018-11-22 12:00:00,2018.0,11.2,114.4,20.57776,1003.0
2018-11-22 18:00:00,2018311N07179,USAGI,2018-11-22 18:00:00,2018.0,10.8,113.5,23.14998,1002.0
2018-11-23 00:00:00,2018311N07179,USAGI,2018-11-23 00:00:00,2018.0,10.675,112.65,25.7222,999.0
2018-11-23 06:00:00,2018311N07179,USAGI,2018-11-23 06:00:00,2018.0,10.6,111.575,30.86664,992.0
2018-11-23 12:00:00,2018311N07179,USAGI,2018-11-23 12:00:00,2018.0,10.35,110.8,33.43886,989.0
2018-11-23 18:00:00,2018311N07179,USAGI,2018-11-23 18:00:00,2018.0,10.025,110.15,41.15552,979.0
2018-11-24 00:00:00,2018311N07179,USAGI,2018-11-24 00:00:00,2018.0,9.775,109.525,46.29996,971.0
2018-11-24 06:00:00,2018311N07179,USAGI,2018-11-24 06:00:00,2018.0,9.725,108.725,43.72774,975.0
2018-11-24 12:00:00,2018311N07179,USAGI,2018-11-24 12:00:00,2018.0,9.8,108.275,38.5833,982.0
2018-11-24 18:00:00,2018311N07179,USAGI,2018-11-24 18:00:00,2018.0,9.825,107.825,33.43886,989.0
2018-11-25 00:00:00,2018311N07179,USAGI,2018-11-25 00:00:00,2018.0,10.0,107.5,28.29442,996.0
2018-11-25 06:00:00,2018311N07179,USAGI,2018-11-25 06:00:00,2018.0,10.225,107.2,23.14998,999.0
2018-11-25 12:00:00,2018311N07179,USAGI,2018-11-25 12:00:00,2018.0,10.6267,106.96,18.00554,1001.0
2018-11-25 18:00:00,2018311N07179,USAGI,2018-11-25 18:00:00,2018.0,10.9846,106.677,15.43332,1007.0
2018-11-26 00:00:00,2018311N07179,USAGI,2018-11-26 00:00:00,2018.0,11.2333,106.1,12.8611,1009.0
2018-11-26 06:00:00,2018311N07179,USAGI,2018-11-26 06:00:00,2018.0,11.41,105.55,12.8611,1004.0
2018-11-26 12:00:00,2018311N07179,USAGI,2018-11-26 12:00:00,2018.0,11.64,105.0,10.28888,1007.0
2018-11-20 06:00:00,2018324N05155,MAN-YI,2018-11-20 06:00:00,2018.0,4.575,154.525,10.28888,1004.0
2018-11-20 12:00:00,2018324N05155,MAN-YI,2018-11-20 12:00:00,2018.0,4.92222,153.644,12.8611,1004.0
2018-11-20 18:00:00,2018324N05155,MAN-YI,2018-11-20 18:00:00,2018.0,5.87143,152.571,18.00554,1003.0
2018-11-21 00:00:00,2018324N05155,MAN-YI,2018-11-21 00:00:00,2018.0,6.65,150.9,20.57776,1001.0
2018-11-21 06:00:00,2018324N05155,MAN-YI,2018-11-21 06:00:00,2018.0,7.725,149.225,25.7222,995.0
2018-11-21 12:00:00,2018324N05155,MAN-YI,2018-11-21 12:00:00,2018.0,8.725,146.6,30.86664,992.0
2018-11-21 18:00:00,2018324N05155,MAN-YI,2018-11-21 18:00:00,2018.0,9.5,143.875,36.01108,987.0
2018-11-22 00:00:00,2018324N05155,MAN-YI,2018-11-22 00:00:00,2018.0,10.525,141.75,41.15552,980.0
2018-11-22 06:00:00,2018324N05155,MAN-YI,2018-11-22 06:00:00,2018.0,11.75,139.775,43.72774,975.0
2018-11-22 12:00:00,2018324N05155,MAN-YI,2018-11-22 12:00:00,2018.0,12.7,138.225,46.29996,970.0
2018-11-22 18:00:00,2018324N05155,MAN-YI,2018-11-22 18:00:00,2018.0,13.4,137.0,48.87218,967.0
2018-11-23 00:00:00,2018324N05155,MAN-YI,2018-11-23 00:00:00,2018.0,14.5,136.125,46.29996,971.0
2018-11-23 06:00:00,2018324N05155,MAN-YI,2018-11-23 06:00:00,2018.0,15.5,135.7,46.29996,970.0
2018-11-23 12:00:00,2018324N05155,MAN-YI,2018-11-23 12:00:00,2018.0,16.425,135.45,46.29996,971.0
2018-11-23 18:00:00,2018324N05155,MAN-YI,2018-11-23 18:00:00,2018.0,17.35,135.325,46.29996,970.0
2018-11-24 00:00:00,2018324N05155,MAN-YI,2018-11-24 00:00:00,2018.0,18.0,135.425,43.72774,959.0
2018-11-24 06:00:00,2018324N05155,MAN-YI,2018-11-24 06:00:00,2018.0,18.275,135.85,41.15552,976.0
2018-11-24 12:00:00,2018324N05155,MAN-YI,2018-11-24 12:00:00,2018.0,18.625,136.2,41.15552,977.0
2018-11-24 18:00:00,2018324N05155,MAN-YI,2018-11-24 18:00:00,2018.0,18.575,136.175,43.72774,973.0
2018-11-25 00:00:00,2018324N05155,MAN-YI,2018-11-25 00:00:00,2018.0,18.35,136.0,48.87218,963.0
2018-11-25 06:00:00,2018324N05155,MAN-YI,2018-11-25 06:00:00,2018.0,18.3,135.7,43.72774,971.0
2018-11-25 12:00:00,2018324N05155,MAN-YI,2018-11-25 12:00:00,2018.0,18.4,135.125,41.15552,977.0
2018-11-25 18:00:00,2018324N05155,MAN-YI,2018-11-25 18:00:00,2018.0,18.975,133.95,33.43886,989.0
2018-11-26 00:00:00,2018324N05155,MAN-YI,2018-11-26 00:00:00,2018.0,19.6,133.0,23.14998,1003.0
2018-11-26 06:00:00,2018324N05155,MAN-YI,2018-11-26 06:00:00,2018.0,20.225,132.375,20.57776,1005.0
2018-11-26 12:00:00,2018324N05155,MAN-YI,2018-11-26 12:00:00,2018.0,20.9467,132.007,15.43332,1006.0
2018-11-26 18:00:00,2018324N05155,MAN-YI,2018-11-26 18:00:00,2018.0,21.7692,131.977,15.43332,1006.0
2018-11-27 00:00:00,2018324N05155,MAN-YI,2018-11-27 00:00:00,2018.0,22.6333,132.3,15.43332,1007.0
2018-11-27 06:00:00,2018324N05155,MAN-YI,2018-11-27 06:00:00,2018.0,23.3667,132.6,15.43332,1008.0
2018-11-27 12:00:00,2018324N05155,MAN-YI,2018-11-27 12:00:00,2018.0,23.5,133.233,15.43332,1008.0
2018-11-27 18:00:00,2018324N05155,MAN-YI,2018-11-27 18:00:00,2018.0,24.3545,134.5,15.43332,1008.0
2018-11-28 00:00:00,2018324N05155,MAN-YI,2018-11-28 00:00:00,2018.0,25.7222,135.778,15.43332,1010.0
2019-02-18 12:00:00,2019050N05163,WUTIP,2019-02-18 12:00:00,2019.0,4.76667,162.633,10.28888,1007.0
2019-02-18 18:00:00,2019050N05163,WUTIP,2019-02-18 18:00:00,2019.0,4.93333,161.233,10.28888,1007.0
2019-02-19 00:00:00,2019050N05163,WUTIP,2019-02-19 00:00:00,2019.0,5.16667,159.8,12.8611,1004.0
2019-02-19 06:00:00,2019050N05163,WUTIP,2019-02-19 06:00:00,2019.0,4.85385,158.362,12.8611,1001.0
2019-02-19 12:00:00,2019050N05163,WUTIP,2019-02-19 12:00:00,2019.0,4.68667,156.66,15.43332,1001.0
2019-02-19 18:00:00,2019050N05163,WUTIP,2019-02-19 18:00:00,2019.0,4.7,155.525,20.57776,993.0
2019-02-20 00:00:00,2019050N05163,WUTIP,2019-02-20 00:00:00,2019.0,4.775,154.6,23.14998,995.0
2019-02-20 06:00:00,2019050N05163,WUTIP,2019-02-20 06:00:00,2019.0,4.875,153.775,25.7222,985.0
2019-02-20 12:00:00,2019050N05163,WUTIP,2019-02-20 12:00:00,2019.0,5.125,152.6,28.29442,991.0
2019-02-20 18:00:00,2019050N05163,WUTIP,2019-02-20 18:00:00,2019.0,5.675,151.5,30.86664,987.0
2019-02-21 00:00:00,2019050N05163,WUTIP,2019-02-21 00:00:00,2019.0,6.1,150.5,33.43886,984.0
2019-02-21 06:00:00,2019050N05163,WUTIP,2019-02-21 06:00:00,2019.0,6.5,149.625,38.5833,979.0
2019-02-21 12:00:00,2019050N05163,WUTIP,2019-02-21 12:00:00,2019.0,7.0,148.725,41.15552,973.0
2019-02-21 18:00:00,2019050N05163,WUTIP,2019-02-21 18:00:00,2019.0,7.525,147.975,41.15552,973.0
2019-02-22 00:00:00,2019050N05163,WUTIP,2019-02-22 00:00:00,2019.0,8.275,146.925,43.72774,970.0
2019-02-22 06:00:00,2019050N05163,WUTIP,2019-02-22 06:00:00,2019.0,9.2,146.15,46.29996,967.0
2019-02-22 12:00:00,2019050N05163,WUTIP,2019-02-22 12:00:00,2019.0,9.9,145.0,48.87218,962.0
2019-02-22 18:00:00,2019050N05163,WUTIP,2019-02-22 18:00:00,2019.0,10.15,144.025,51.4444,958.0
2019-02-23 00:00:00,2019050N05163,WUTIP,2019-02-23 00:00:00,2019.0,10.65,143.7,54.01662,953.0
2019-02-23 06:00:00,2019050N05163,WUTIP,2019-02-23 06:00:00,2019.0,11.4,143.25,59.16106,943.0
2019-02-23 12:00:00,2019050N05163,WUTIP,2019-02-23 12:00:00,2019.0,12.0,142.775,72.02216,905.0
2019-02-23 18:00:00,2019050N05163,WUTIP,2019-02-23 18:00:00,2019.0,12.4,142.4,66.87772,929.0
2019-02-24 00:00:00,2019050N05163,WUTIP,2019-02-24 00:00:00,2019.0,12.675,142.1,61.73328,939.0
2019-02-24 06:00:00,2019050N05163,WUTIP,2019-02-24 06:00:00,2019.0,12.9,141.7,56.588840000000005,948.0
2019-02-24 12:00:00,2019050N05163,WUTIP,2019-02-24 12:00:00,2019.0,13.075,141.2,54.01662,954.0
2019-02-24 18:00:00,2019050N05163,WUTIP,2019-02-24 18:00:00,2019.0,13.125,140.7,59.16106,944.0
2019-02-25 00:00:00,2019050N05163,WUTIP,2019-02-25 00:00:00,2019.0,13.4,140.425,64.3055,935.0
2019-02-25 06:00:00,2019050N05163,WUTIP,2019-02-25 06:00:00,2019.0,13.8,140.175,72.02216,918.0
2019-02-25 12:00:00,2019050N05163,WUTIP,2019-02-25 12:00:00,2019.0,14.225,140.05,69.44994,923.0
2019-02-25 18:00:00,2019050N05163,WUTIP,2019-02-25 18:00:00,2019.0,14.6,139.9,64.3055,934.0
2019-02-26 00:00:00,2019050N05163,WUTIP,2019-02-26 00:00:00,2019.0,14.9,139.9,61.73328,940.0
2019-02-26 06:00:00,2019050N05163,WUTIP,2019-02-26 06:00:00,2019.0,15.2,139.9,59.16106,945.0
2019-02-26 12:00:00,2019050N05163,WUTIP,2019-02-26 12:00:00,2019.0,15.4,140.075,54.01662,955.0
2019-02-26 18:00:00,2019050N05163,WUTIP,2019-02-26 18:00:00,2019.0,15.675,140.075,46.29996,966.0
2019-02-27 00:00:00,2019050N05163,WUTIP,2019-02-27 00:00:00,2019.0,15.925,140.0,43.72774,971.0
2019-02-27 06:00:00,2019050N05163,WUTIP,2019-02-27 06:00:00,2019.0,16.275,139.875,38.5833,980.0
2019-02-27 12:00:00,2019050N05163,WUTIP,2019-02-27 12:00:00,2019.0,16.425,139.125,25.7222,996.0
2019-02-27 18:00:00,2019050N05163,WUTIP,2019-02-27 18:00:00,2019.0,16.675,137.775,18.00554,1003.0
2019-02-28 00:00:00,2019050N05163,WUTIP,2019-02-28 00:00:00,2019.0,17.1467,136.7,15.43332,1007.0
2019-02-28 06:00:00,2019050N05163,WUTIP,2019-02-28 06:00:00,2019.0,17.5538,135.592,12.8611,1008.0
2019-02-28 12:00:00,2019050N05163,WUTIP,2019-02-28 12:00:00,2019.0,18.1667,134.967,10.28888,1011.0
2019-02-28 18:00:00,2019050N05163,WUTIP,2019-02-28 18:00:00,2019.0,18.6091,134.6,10.28888,1008.0
2019-03-01 00:00:00,2019050N05163,WUTIP,2019-03-01 00:00:00,2019.0,19.1333,134.389,10.28888,1010.0
2019-08-01 06:00:00,2019213N17155,FRANCISCO,2019-08-01 06:00:00,2019.0,18.12,154.56,10.28888,1003.0
2019-08-01 12:00:00,2019213N17155,FRANCISCO,2019-08-01 12:00:00,2019.0,18.76,154.1,12.8611,1002.0
2019-08-01 18:00:00,2019213N17155,FRANCISCO,2019-08-01 18:00:00,2019.0,19.5,153.4,12.8611,1003.0
2019-08-02 00:00:00,2019213N17155,FRANCISCO,2019-08-02 00:00:00,2019.0,20.1867,152.887,18.00554,998.0
2019-08-02 06:00:00,2019213N17155,FRANCISCO,2019-08-02 06:00:00,2019.0,21.025,152.025,18.00554,997.0
2019-08-02 12:00:00,2019213N17155,FRANCISCO,2019-08-02 12:00:00,2019.0,21.95,151.2,20.57776,996.0
2019-08-02 18:00:00,2019213N17155,FRANCISCO,2019-08-02 18:00:00,2019.0,23.0,150.1,20.57776,992.0
2019-08-03 00:00:00,2019213N17155,FRANCISCO,2019-08-03 00:00:00,2019.0,24.2,148.575,20.57776,996.0
2019-08-03 06:00:00,2019213N17155,FRANCISCO,2019-08-03 06:00:00,2019.0,25.25,147.45,23.14998,994.0
2019-08-03 12:00:00,2019213N17155,FRANCISCO,2019-08-03 12:00:00,2019.0,26.075,146.0,23.14998,994.0
2019-08-03 18:00:00,2019213N17155,FRANCISCO,2019-08-03 18:00:00,2019.0,26.825,144.425,25.7222,988.0
2019-08-04 00:00:00,2019213N17155,FRANCISCO,2019-08-04 00:00:00,2019.0,27.575,143.2,25.7222,990.0
2019-08-04 06:00:00,2019213N17155,FRANCISCO,2019-08-04 06:00:00,2019.0,28.575,141.525,28.29442,986.0
2019-08-04 12:00:00,2019213N17155,FRANCISCO,2019-08-04 12:00:00,2019.0,29.225,139.875,28.29442,985.0
2019-08-04 18:00:00,2019213N17155,FRANCISCO,2019-08-04 18:00:00,2019.0,29.825,138.15,30.86664,981.0
2019-08-05 00:00:00,2019213N17155,FRANCISCO,2019-08-05 00:00:00,2019.0,30.4,136.175,30.86664,982.0
2019-08-05 06:00:00,2019213N17155,FRANCISCO,2019-08-05 06:00:00,2019.0,30.775,134.525,33.43886,978.0
2019-08-05 12:00:00,2019213N17155,FRANCISCO,2019-08-05 12:00:00,2019.0,31.2,133.0,36.01108,974.0
2019-08-05 18:00:00,2019213N17155,FRANCISCO,2019-08-05 18:00:00,2019.0,31.775,131.85,41.15552,966.0
2019-08-06 00:00:00,2019213N17155,FRANCISCO,2019-08-06 00:00:00,2019.0,32.85,130.65,33.43886,976.0
2019-08-06 06:00:00,2019213N17155,FRANCISCO,2019-08-06 06:00:00,2019.0,33.95,129.8,28.29442,985.0
2019-08-06 12:00:00,2019213N17155,FRANCISCO,2019-08-06 12:00:00,2019.0,35.225,129.4,23.14998,995.0
2019-08-06 18:00:00,2019213N17155,FRANCISCO,2019-08-06 18:00:00,2019.0,36.7,128.9,18.00554,994.0
2019-08-07 00:00:00,2019213N17155,FRANCISCO,2019-08-07 00:00:00,2019.0,37.9067,128.96,15.43332,996.0
2019-08-07 06:00:00,2019213N17155,FRANCISCO,2019-08-07 06:00:00,2019.0,38.9077,129.138,15.43332,996.0
2019-08-07 12:00:00,2019213N17155,FRANCISCO,2019-08-07 12:00:00,2019.0,39.8,129.867,12.8611,999.0
2019-08-07 18:00:00,2019213N17155,FRANCISCO,2019-08-07 18:00:00,2019.0,40.9333,131.2,12.8611,1000.0
2019-08-08 00:00:00,2019213N17155,FRANCISCO,2019-08-08 00:00:00,2019.0,41.6818,133.173,12.8611,1000.0
2019-08-08 06:00:00,2019213N17155,FRANCISCO,2019-08-08 06:00:00,2019.0,42.4111,135.4,12.8611,1000.0
2019-08-03 12:00:00,2019214N15134,LEKIMA,2019-08-03 12:00:00,2019.0,15.08,132.28,10.28888,1007.0
2019-08-03 18:00:00,2019214N15134,LEKIMA,2019-08-03 18:00:00,2019.0,15.5889,131.856,12.8611,1004.0
2019-08-04 00:00:00,2019214N15134,LEKIMA,2019-08-04 00:00:00,2019.0,16.1571,131.321,12.8611,998.0
2019-08-04 06:00:00,2019214N15134,LEKIMA,2019-08-04 06:00:00,2019.0,16.85,131.0,15.43332,997.0
2019-08-04 12:00:00,2019214N15134,LEKIMA,2019-08-04 12:00:00,2019.0,17.525,130.7,20.57776,995.0
2019-08-04 18:00:00,2019214N15134,LEKIMA,2019-08-04 18:00:00,2019.0,17.925,130.4,20.57776,992.0
2019-08-05 00:00:00,2019214N15134,LEKIMA,2019-08-05 00:00:00,2019.0,18.325,130.1,23.14998,990.0
2019-08-05 06:00:00,2019214N15134,LEKIMA,2019-08-05 06:00:00,2019.0,18.5,129.8,23.14998,989.0
2019-08-05 12:00:00,2019214N15134,LEKIMA,2019-08-05 12:00:00,2019.0,18.45,129.625,23.14998,989.0
2019-08-05 18:00:00,2019214N15134,LEKIMA,2019-08-05 18:00:00,2019.0,18.6,129.35,23.14998,986.0
2019-08-06 00:00:00,2019214N15134,LEKIMA,2019-08-06 00:00:00,2019.0,18.775,129.3,25.7222,983.0
2019-08-06 06:00:00,2019214N15134,LEKIMA,2019-08-06 06:00:00,2019.0,19.15,129.025,28.29442,981.0
2019-08-06 12:00:00,2019214N15134,LEKIMA,2019-08-06 12:00:00,2019.0,19.45,128.6,33.43886,975.0
2019-08-06 18:00:00,2019214N15134,LEKIMA,2019-08-06 18:00:00,2019.0,19.7,128.35,36.01108,970.0
2019-08-07 00:00:00,2019214N15134,LEKIMA,2019-08-07 00:00:00,2019.0,20.45,128.1,41.15552,963.0
2019-08-07 06:00:00,2019214N15134,LEKIMA,2019-08-07 06:00:00,2019.0,20.95,127.675,46.29996,955.0
2019-08-07 12:00:00,2019214N15134,LEKIMA,2019-08-07 12:00:00,2019.0,21.6,127.0,59.16106,933.0
2019-08-07 18:00:00,2019214N15134,LEKIMA,2019-08-07 18:00:00,2019.0,22.1,126.425,61.73328,925.0
2019-08-08 00:00:00,2019214N15134,LEKIMA,2019-08-08 00:00:00,2019.0,22.7,125.975,64.3055,916.0
2019-08-08 06:00:00,2019214N15134,LEKIMA,2019-08-08 06:00:00,2019.0,23.675,125.4,66.87772,912.0
2019-08-08 12:00:00,2019214N15134,LEKIMA,2019-08-08 12:00:00,2019.0,24.375,124.95,69.44994,905.0
2019-08-08 18:00:00,2019214N15134,LEKIMA,2019-08-08 18:00:00,2019.0,25.475,124.5,66.87772,904.0
2019-08-09 00:00:00,2019214N15134,LEKIMA,2019-08-09 00:00:00,2019.0,26.425,123.4,61.73328,911.0
2019-08-09 06:00:00,2019214N15134,LEKIMA,2019-08-09 06:00:00,2019.0,27.05,122.5,54.01662,925.0
2019-08-09 12:00:00,2019214N15134,LEKIMA,2019-08-09 12:00:00,2019.0,27.525,122.0,51.4444,931.0
2019-08-09 18:00:00,2019214N15134,LEKIMA,2019-08-09 18:00:00,2019.0,28.325,121.375,46.29996,939.0
2019-08-10 00:00:00,2019214N15134,LEKIMA,2019-08-10 00:00:00,2019.0,29.075,120.825,38.5833,953.0
2019-08-10 06:00:00,2019214N15134,LEKIMA,2019-08-10 06:00:00,2019.0,30.0,120.375,30.86664,965.0
2019-08-10 12:00:00,2019214N15134,LEKIMA,2019-08-10 12:00:00,2019.0,30.75,120.4,28.29442,969.0
2019-08-10 18:00:00,2019214N15134,LEKIMA,2019-08-10 18:00:00,2019.0,31.925,120.5,25.7222,968.0
2019-08-11 00:00:00,2019214N15134,LEKIMA,2019-08-11 00:00:00,2019.0,33.475,120.35,20.57776,977.0
2019-08-11 06:00:00,2019214N15134,LEKIMA,2019-08-11 06:00:00,2019.0,34.875,119.925,20.57776,984.0
2019-08-11 12:00:00,2019214N15134,LEKIMA,2019-08-11 12:00:00,2019.0,35.9533,120.067,20.57776,982.0
2019-08-11 18:00:00,2019214N15134,LEKIMA,2019-08-11 18:00:00,2019.0,37.0077,119.862,18.00554,980.0
2019-08-04 00:00:00,2019216N16147,KROSA,2019-08-04 00:00:00,2019.0,15.5,146.6,7.71666,1010.0
2019-08-04 06:00:00,2019216N16147,KROSA,2019-08-04 06:00:00,2019.0,16.1,146.9,7.71666,1010.0
2019-08-04 12:00:00,2019216N16147,KROSA,2019-08-04 12:00:00,2019.0,16.7,146.9,7.71666,1010.0
2019-08-04 18:00:00,2019216N16147,KROSA,2019-08-04 18:00:00,2019.0,16.9,146.3,10.28888,1000.0
2019-08-05 00:00:00,2019216N16147,KROSA,2019-08-05 00:00:00,2019.0,16.56,146.1,10.28888,1001.0
2019-08-05 06:00:00,2019216N16147,KROSA,2019-08-05 06:00:00,2019.0,16.5,145.7,10.28888,1000.0
2019-08-05 12:00:00,2019216N16147,KROSA,2019-08-05 12:00:00,2019.0,16.9444,145.033,12.8611,999.0
2019-08-05 18:00:00,2019216N16147,KROSA,2019-08-05 18:00:00,2019.0,17.3182,144.227,12.8611,999.0
2019-08-06 00:00:00,2019216N16147,KROSA,2019-08-06 00:00:00,2019.0,17.8385,143.592,18.00554,995.0
2019-08-06 06:00:00,2019216N16147,KROSA,2019-08-06 06:00:00,2019.0,18.3867,142.913,20.57776,991.0
2019-08-06 12:00:00,2019216N16147,KROSA,2019-08-06 12:00:00,2019.0,18.925,142.375,25.7222,986.0
2019-08-06 18:00:00,2019216N16147,KROSA,2019-08-06 18:00:00,2019.0,19.675,142.1,30.86664,978.0
2019-08-07 00:00:00,2019216N16147,KROSA,2019-08-07 00:00:00,2019.0,20.55,141.7,33.43886,975.0
2019-08-07 06:00:00,2019216N16147,KROSA,2019-08-07 06:00:00,2019.0,21.1,141.35,38.5833,969.0
2019-08-07 12:00:00,2019216N16147,KROSA,2019-08-07 12:00:00,2019.0,21.45,141.0,38.5833,968.0
2019-08-07 18:00:00,2019216N16147,KROSA,2019-08-07 18:00:00,2019.0,21.7,140.775,41.15552,962.0
2019-08-08 00:00:00,2019216N16147,KROSA,2019-08-08 00:00:00,2019.0,21.925,140.525,46.29996,955.0
2019-08-08 06:00:00,2019216N16147,KROSA,2019-08-08 06:00:00,2019.0,22.075,140.55,51.4444,946.0
2019-08-08 12:00:00,2019216N16147,KROSA,2019-08-08 12:00:00,2019.0,22.075,140.675,51.4444,945.0
2019-08-08 18:00:00,2019216N16147,KROSA,2019-08-08 18:00:00,2019.0,22.05,140.975,48.87218,948.0
2019-08-09 00:00:00,2019216N16147,KROSA,2019-08-09 00:00:00,2019.0,22.05,141.1,48.87218,948.0
2019-08-09 06:00:00,2019216N16147,KROSA,2019-08-09 06:00:00,2019.0,22.075,141.275,46.29996,953.0
2019-08-09 12:00:00,2019216N16147,KROSA,2019-08-09 12:00:00,2019.0,22.225,141.425,43.72774,957.0
2019-08-09 18:00:00,2019216N16147,KROSA,2019-08-09 18:00:00,2019.0,22.35,141.425,38.5833,965.0
2019-08-10 00:00:00,2019216N16147,KROSA,2019-08-10 00:00:00,2019.0,22.675,141.375,36.01108,966.0
2019-08-10 06:00:00,2019216N16147,KROSA,2019-08-10 06:00:00,2019.0,22.875,141.025,33.43886,970.0
2019-08-10 12:00:00,2019216N16147,KROSA,2019-08-10 12:00:00,2019.0,22.825,140.7,30.86664,974.0
2019-08-10 18:00:00,2019216N16147,KROSA,2019-08-10 18:00:00,2019.0,22.85,140.525,30.86664,974.0
2019-08-11 00:00:00,2019216N16147,KROSA,2019-08-11 00:00:00,2019.0,23.1,140.25,30.86664,972.0
2019-08-11 06:00:00,2019216N16147,KROSA,2019-08-11 06:00:00,2019.0,23.525,139.75,30.86664,973.0
2019-08-11 12:00:00,2019216N16147,KROSA,2019-08-11 12:00:00,2019.0,23.825,139.075,28.29442,976.0
2019-08-11 18:00:00,2019216N16147,KROSA,2019-08-11 18:00:00,2019.0,24.125,138.475,25.7222,978.0
2019-08-12 00:00:00,2019216N16147,KROSA,2019-08-12 00:00:00,2019.0,24.55,137.85,25.7222,978.0
2019-08-12 06:00:00,2019216N16147,KROSA,2019-08-12 06:00:00,2019.0,24.975,137.75,25.7222,978.0
2019-08-12 12:00:00,2019216N16147,KROSA,2019-08-12 12:00:00,2019.0,25.925,137.225,25.7222,978.0
2019-08-12 18:00:00,2019216N16147,KROSA,2019-08-12 18:00:00,2019.0,26.875,136.475,25.7222,976.0
2019-08-13 00:00:00,2019216N16147,KROSA,2019-08-13 00:00:00,2019.0,27.375,135.225,25.7222,974.0
2019-08-13 06:00:00,2019216N16147,KROSA,2019-08-13 06:00:00,2019.0,27.675,134.7,25.7222,972.0
2019-08-13 12:00:00,2019216N16147,KROSA,2019-08-13 12:00:00,2019.0,28.075,134.25,25.7222,974.0
2019-08-13 18:00:00,2019216N16147,KROSA,2019-08-13 18:00:00,2019.0,28.35,133.6,25.7222,974.0
2019-08-14 00:00:00,2019216N16147,KROSA,2019-08-14 00:00:00,2019.0,28.75,133.275,28.29442,969.0
2019-08-14 06:00:00,2019216N16147,KROSA,2019-08-14 06:00:00,2019.0,29.525,133.025,28.29442,969.0
2019-08-14 12:00:00,2019216N16147,KROSA,2019-08-14 12:00:00,2019.0,30.425,132.8,28.29442,968.0
2019-08-14 18:00:00,2019216N16147,KROSA,2019-08-14 18:00:00,2019.0,31.5,132.65,28.29442,970.0
2019-08-15 00:00:00,2019216N16147,KROSA,2019-08-15 00:00:00,2019.0,32.65,132.475,28.29442,967.0
2019-08-15 06:00:00,2019216N16147,KROSA,2019-08-15 06:00:00,2019.0,34.125,132.55,25.7222,977.0
2019-08-15 12:00:00,2019216N16147,KROSA,2019-08-15 12:00:00,2019.0,36.075,133.0,20.57776,979.0
2019-08-15 18:00:00,2019216N16147,KROSA,2019-08-15 18:00:00,2019.0,37.85,133.575,18.00554,976.0
2019-08-16 00:00:00,2019216N16147,KROSA,2019-08-16 00:00:00,2019.0,39.75,134.386,18.00554,976.0
2019-08-16 06:00:00,2019216N16147,KROSA,2019-08-16 06:00:00,2019.0,40.99,135.78,15.43332,974.0
2019-08-30 06:00:00,2019242N14180,FAXAI,2019-08-30 06:00:00,2019.0,13.8,180.1,7.71666,1010.0
2019-08-30 12:00:00,2019242N14180,FAXAI,2019-08-30 12:00:00,2019.0,13.9,179.1,7.71666,1010.0
2019-08-30 18:00:00,2019242N14180,FAXAI,2019-08-30 18:00:00,2019.0,14.0,178.1,7.71666,1009.0
2019-08-31 00:00:00,2019242N14180,FAXAI,2019-08-31 00:00:00,2019.0,14.4,177.4,7.71666,1009.0
2019-08-31 06:00:00,2019242N14180,FAXAI,2019-08-31 06:00:00,2019.0,14.5,176.4,10.28888,1007.0
2019-08-31 12:00:00,2019242N14180,FAXAI,2019-08-31 12:00:00,2019.0,14.5,174.8,10.28888,1007.0
2019-08-31 18:00:00,2019242N14180,FAXAI,2019-08-31 18:00:00,2019.0,14.9,173.3,10.28888,1010.0
2019-09-01 00:00:00,2019242N14180,FAXAI,2019-09-01 00:00:00,2019.0,14.9,172.2,10.28888,1007.0
2019-09-01 06:00:00,2019242N14180,FAXAI,2019-09-01 06:00:00,2019.0,15.3,171.4,12.8611,1008.0
2019-09-01 12:00:00,2019242N14180,FAXAI,2019-09-01 12:00:00,2019.0,15.3,170.4,15.43332,1007.0
2019-09-01 18:00:00,2019242N14180,FAXAI,2019-09-01 18:00:00,2019.0,15.4,169.4,15.43332,1005.0
2019-09-02 00:00:00,2019242N14180,FAXAI,2019-09-02 00:00:00,2019.0,15.9167,167.9,15.43332,1003.0
2019-09-02 06:00:00,2019242N14180,FAXAI,2019-09-02 06:00:00,2019.0,16.28,166.41,15.43332,1005.0
2019-09-02 12:00:00,2019242N14180,FAXAI,2019-09-02 12:00:00,2019.0,16.5,165.2,15.43332,1009.0
2019-09-02 18:00:00,2019242N14180,FAXAI,2019-09-02 18:00:00,2019.0,16.8333,164.067,18.00554,1005.0
2019-09-03 00:00:00,2019242N14180,FAXAI,2019-09-03 00:00:00,2019.0,17.0,162.833,18.00554,1003.0
2019-09-03 06:00:00,2019242N14180,FAXAI,2019-09-03 06:00:00,2019.0,17.0,161.533,18.00554,1005.0
2019-09-03 12:00:00,2019242N14180,FAXAI,2019-09-03 12:00:00,2019.0,17.0667,160.7,18.00554,1004.0
2019-09-03 18:00:00,2019242N14180,FAXAI,2019-09-03 18:00:00,2019.0,17.3385,160.031,18.00554,1005.0
2019-09-04 00:00:00,2019242N14180,FAXAI,2019-09-04 00:00:00,2019.0,17.7667,159.353,18.00554,1000.0
2019-09-04 06:00:00,2019242N14180,FAXAI,2019-09-04 06:00:00,2019.0,18.125,158.475,18.00554,1001.0
2019-09-04 12:00:00,2019242N14180,FAXAI,2019-09-04 12:00:00,2019.0,18.275,157.475,18.00554,1001.0
2019-09-04 18:00:00,2019242N14180,FAXAI,2019-09-04 18:00:00,2019.0,18.5,156.675,18.00554,1002.0
2019-09-05 00:00:00,2019242N14180,FAXAI,2019-09-05 00:00:00,2019.0,19.15,156.15,20.57776,998.0
2019-09-05 06:00:00,2019242N14180,FAXAI,2019-09-05 06:00:00,2019.0,19.8,155.425,23.14998,996.0
2019-09-05 12:00:00,2019242N14180,FAXAI,2019-09-05 12:00:00,2019.0,20.675,154.45,25.7222,994.0
2019-09-05 18:00:00,2019242N14180,FAXAI,2019-09-05 18:00:00,2019.0,21.625,153.15,28.29442,991.0
2019-09-06 00:00:00,2019242N14180,FAXAI,2019-09-06 00:00:00,2019.0,22.625,151.7,30.86664,988.0
2019-09-06 06:00:00,2019242N14180,FAXAI,2019-09-06 06:00:00,2019.0,23.725,149.975,33.43886,984.0
2019-09-06 12:00:00,2019242N14180,FAXAI,2019-09-06 12:00:00,2019.0,24.65,148.125,33.43886,984.0
2019-09-06 18:00:00,2019242N14180,FAXAI,2019-09-06 18:00:00,2019.0,25.675,146.475,36.01108,979.0
2019-09-07 00:00:00,2019242N14180,FAXAI,2019-09-07 00:00:00,2019.0,26.7,144.95,43.72774,968.0
2019-09-07 06:00:00,2019242N14180,FAXAI,2019-09-07 06:00:00,2019.0,27.9,143.275,51.4444,956.0
2019-09-07 12:00:00,2019242N14180,FAXAI,2019-09-07 12:00:00,2019.0,28.9,141.775,56.588840000000005,948.0
2019-09-07 18:00:00,2019242N14180,FAXAI,2019-09-07 18:00:00,2019.0,30.1,140.5,59.16106,942.0
2019-09-08 00:00:00,2019242N14180,FAXAI,2019-09-08 00:00:00,2019.0,31.45,139.525,59.16106,942.0
2019-09-08 06:00:00,2019242N14180,FAXAI,2019-09-08 06:00:00,2019.0,32.95,139.0,59.16106,940.0
2019-09-08 12:00:00,2019242N14180,FAXAI,2019-09-08 12:00:00,2019.0,34.1,139.025,51.4444,952.0
2019-09-08 18:00:00,2019242N14180,FAXAI,2019-09-08 18:00:00,2019.0,35.325,139.725,46.29996,958.0
2019-09-09 00:00:00,2019242N14180,FAXAI,2019-09-09 00:00:00,2019.0,36.325,140.975,38.5833,982.0
2019-09-09 06:00:00,2019242N14180,FAXAI,2019-09-09 06:00:00,2019.0,37.325,142.475,33.43886,980.0
2019-09-09 12:00:00,2019242N14180,FAXAI,2019-09-09 12:00:00,2019.0,38.325,144.275,28.29442,986.0
2019-09-09 18:00:00,2019242N14180,FAXAI,2019-09-09 18:00:00,2019.0,39.05,146.4,23.14998,993.0
2019-09-10 00:00:00,2019242N14180,FAXAI,2019-09-10 00:00:00,2019.0,39.8467,148.593,20.57776,992.0
2019-09-10 06:00:00,2019242N14180,FAXAI,2019-09-10 06:00:00,2019.0,40.5308,151.646,20.57776,996.0
2019-09-10 12:00:00,2019242N14180,FAXAI,2019-09-10 12:00:00,2019.0,41.4818,154.891,18.00554,998.0
2019-09-10 18:00:00,2019242N14180,FAXAI,2019-09-10 18:00:00,2019.0,42.3125,158.212,18.00554,999.0
2019-08-30 12:00:00,2019243N06136,LINGLING,2019-08-30 12:00:00,2019.0,6.4,136.0,7.71666,1010.0
2019-08-30 18:00:00,2019243N06136,LINGLING,2019-08-30 18:00:00,2019.0,6.4,134.7,7.71666,1010.0
2019-08-31 00:00:00,2019243N06136,LINGLING,2019-08-31 00:00:00,2019.0,6.41667,133.6,7.71666,1010.0
2019-08-31 06:00:00,2019243N06136,LINGLING,2019-08-31 06:00:00,2019.0,6.97,132.76,7.71666,1004.0
2019-08-31 12:00:00,2019243N06136,LINGLING,2019-08-31 12:00:00,2019.0,8.03333,131.867,10.28888,1005.0
2019-08-31 18:00:00,2019243N06136,LINGLING,2019-08-31 18:00:00,2019.0,9.3,130.933,10.28888,1004.0
2019-09-01 00:00:00,2019243N06136,LINGLING,2019-09-01 00:00:00,2019.0,10.7667,129.8,10.28888,1004.0
2019-09-01 06:00:00,2019243N06136,LINGLING,2019-09-01 06:00:00,2019.0,12.2333,128.767,10.28888,1004.0
2019-09-01 12:00:00,2019243N06136,LINGLING,2019-09-01 12:00:00,2019.0,13.4667,127.667,12.8611,1007.0
2019-09-01 18:00:00,2019243N06136,LINGLING,2019-09-01 18:00:00,2019.0,14.3667,126.8,12.8611,1005.0
2019-09-02 00:00:00,2019243N06136,LINGLING,2019-09-02 00:00:00,2019.0,15.4308,125.838,15.43332,1005.0
2019-09-02 06:00:00,2019243N06136,LINGLING,2019-09-02 06:00:00,2019.0,16.78,125.013,18.00554,1000.0
2019-09-02 12:00:00,2019243N06136,LINGLING,2019-09-02 12:00:00,2019.0,18.025,124.425,20.57776,1001.0
2019-09-02 18:00:00,2019243N06136,LINGLING,2019-09-02 18:00:00,2019.0,19.05,124.025,23.14998,998.0
2019-09-03 00:00:00,2019243N06136,LINGLING,2019-09-03 00:00:00,2019.0,19.8,123.9,25.7222,994.0
2019-09-03 06:00:00,2019243N06136,LINGLING,2019-09-03 06:00:00,2019.0,20.65,124.025,33.43886,983.0
2019-09-03 12:00:00,2019243N06136,LINGLING,2019-09-03 12:00:00,2019.0,21.3,124.2,36.01108,979.0
2019-09-03 18:00:00,2019243N06136,LINGLING,2019-09-03 18:00:00,2019.0,21.775,124.325,36.01108,979.0
2019-09-04 00:00:00,2019243N06136,LINGLING,2019-09-04 00:00:00,2019.0,22.075,124.6,41.15552,971.0
2019-09-04 06:00:00,2019243N06136,LINGLING,2019-09-04 06:00:00,2019.0,22.4,125.025,43.72774,965.0
2019-09-04 12:00:00,2019243N06136,LINGLING,2019-09-04 12:00:00,2019.0,22.975,125.375,46.29996,961.0
2019-09-04 18:00:00,2019243N06136,LINGLING,2019-09-04 18:00:00,2019.0,23.575,125.4,54.01662,947.0
2019-09-05 00:00:00,2019243N06136,LINGLING,2019-09-05 00:00:00,2019.0,24.2,125.3,59.16106,930.0
2019-09-05 06:00:00,2019243N06136,LINGLING,2019-09-05 06:00:00,2019.0,24.95,125.3,59.16106,934.0
2019-09-05 12:00:00,2019243N06136,LINGLING,2019-09-05 12:00:00,2019.0,25.725,125.225,61.73328,931.0
2019-09-05 18:00:00,2019243N06136,LINGLING,2019-09-05 18:00:00,2019.0,26.825,125.175,61.73328,928.0
2019-09-06 00:00:00,2019243N06136,LINGLING,2019-09-06 00:00:00,2019.0,28.05,125.05,59.16106,935.0
2019-09-06 06:00:00,2019243N06136,LINGLING,2019-09-06 06:00:00,2019.0,29.6,125.175,56.588840000000005,936.0
2019-09-06 12:00:00,2019243N06136,LINGLING,2019-09-06 12:00:00,2019.0,31.325,125.125,51.4444,944.0
2019-09-06 18:00:00,2019243N06136,LINGLING,2019-09-06 18:00:00,2019.0,33.525,125.0,46.29996,951.0
2019-09-07 00:00:00,2019243N06136,LINGLING,2019-09-07 00:00:00,2019.0,35.675,124.85,38.5833,962.0
2019-09-07 06:00:00,2019243N06136,LINGLING,2019-09-07 06:00:00,2019.0,37.9,125.225,33.43886,969.0
2019-09-07 12:00:00,2019243N06136,LINGLING,2019-09-07 12:00:00,2019.0,40.8333,126.34,25.7222,977.0
2019-09-07 18:00:00,2019243N06136,LINGLING,2019-09-07 18:00:00,2019.0,44.3273,128.3,18.00554,992.0
2019-09-17 00:00:00,2019260N20129,TAPAH,2019-09-17 00:00:00,2019.0,20.0667,128.767,10.28888,1007.0
2019-09-17 06:00:00,2019260N20129,TAPAH,2019-09-17 06:00:00,2019.0,20.7333,128.767,10.28888,1007.0
2019-09-17 12:00:00,2019260N20129,TAPAH,2019-09-17 12:00:00,2019.0,21.0667,128.8,10.28888,1007.0
2019-09-17 18:00:00,2019260N20129,TAPAH,2019-09-17 18:00:00,2019.0,21.3333,128.833,10.28888,1007.0
2019-09-18 00:00:00,2019260N20129,TAPAH,2019-09-18 00:00:00,2019.0,21.4846,128.869,10.28888,1003.0
2019-09-18 06:00:00,2019260N20129,TAPAH,2019-09-18 06:00:00,2019.0,21.9,129.133,10.28888,1001.0
2019-09-18 12:00:00,2019260N20129,TAPAH,2019-09-18 12:00:00,2019.0,22.175,129.475,10.28888,1000.0
2019-09-18 18:00:00,2019260N20129,TAPAH,2019-09-18 18:00:00,2019.0,22.425,129.175,12.8611,1000.0
2019-09-19 00:00:00,2019260N20129,TAPAH,2019-09-19 00:00:00,2019.0,22.45,128.75,15.43332,999.0
2019-09-19 06:00:00,2019260N20129,TAPAH,2019-09-19 06:00:00,2019.0,22.425,128.675,15.43332,993.0
2019-09-19 12:00:00,2019260N20129,TAPAH,2019-09-19 12:00:00,2019.0,22.9,128.225,20.57776,990.0
2019-09-19 18:00:00,2019260N20129,TAPAH,2019-09-19 18:00:00,2019.0,22.85,127.45,20.57776,993.0
2019-09-20 00:00:00,2019260N20129,TAPAH,2019-09-20 00:00:00,2019.0,23.025,127.175,25.7222,986.0
2019-09-20 06:00:00,2019260N20129,TAPAH,2019-09-20 06:00:00,2019.0,23.3,127.075,25.7222,978.0
2019-09-20 12:00:00,2019260N20129,TAPAH,2019-09-20 12:00:00,2019.0,23.925,127.0,28.29442,976.0
2019-09-20 18:00:00,2019260N20129,TAPAH,2019-09-20 18:00:00,2019.0,25.025,126.325,30.86664,970.0
2019-09-21 00:00:00,2019260N20129,TAPAH,2019-09-21 00:00:00,2019.0,26.15,125.725,30.86664,972.0
2019-09-21 06:00:00,2019260N20129,TAPAH,2019-09-21 06:00:00,2019.0,27.375,125.6,33.43886,969.0
2019-09-21 12:00:00,2019260N20129,TAPAH,2019-09-21 12:00:00,2019.0,28.45,125.65,33.43886,967.0
2019-09-21 18:00:00,2019260N20129,TAPAH,2019-09-21 18:00:00,2019.0,29.6,126.075,33.43886,970.0
2019-09-22 00:00:00,2019260N20129,TAPAH,2019-09-22 00:00:00,2019.0,30.975,126.775,28.29442,977.0
2019-09-22 06:00:00,2019260N20129,TAPAH,2019-09-22 06:00:00,2019.0,32.55,127.825,28.29442,979.0
2019-09-22 12:00:00,2019260N20129,TAPAH,2019-09-22 12:00:00,2019.0,33.925,129.575,30.86664,976.0
2019-09-22 18:00:00,2019260N20129,TAPAH,2019-09-22 18:00:00,2019.0,35.4857,131.529,25.7222,983.0
2019-09-23 00:00:00,2019260N20129,TAPAH,2019-09-23 00:00:00,2019.0,37.9364,134.7,23.14998,986.0
2019-09-23 06:00:00,2019260N20129,TAPAH,2019-09-23 06:00:00,2019.0,39.7857,137.657,20.57776,988.0
2019-09-25 18:00:00,2019268N10155,MITAG,2019-09-25 18:00:00,2019.0,11.18,149.38,7.71666,1009.0
2019-09-26 00:00:00,2019268N10155,MITAG,2019-09-26 00:00:00,2019.0,11.7,147.214,7.71666,1010.0
2019-09-26 06:00:00,2019268N10155,MITAG,2019-09-26 06:00:00,2019.0,12.0,145.1,7.71666,1010.0
2019-09-26 12:00:00,2019268N10155,MITAG,2019-09-26 12:00:00,2019.0,12.35,143.1,7.71666,1010.0
2019-09-26 18:00:00,2019268N10155,MITAG,2019-09-26 18:00:00,2019.0,12.8,141.1,10.28888,1007.0
2019-09-27 00:00:00,2019268N10155,MITAG,2019-09-27 00:00:00,2019.0,13.3556,139.033,10.28888,1007.0
2019-09-27 06:00:00,2019268N10155,MITAG,2019-09-27 06:00:00,2019.0,13.7667,137.4,12.8611,1006.0
2019-09-27 12:00:00,2019268N10155,MITAG,2019-09-27 12:00:00,2019.0,14.2533,135.9,18.00554,1005.0
2019-09-27 18:00:00,2019268N10155,MITAG,2019-09-27 18:00:00,2019.0,15.05,134.4,20.57776,1003.0
2019-09-28 00:00:00,2019268N10155,MITAG,2019-09-28 00:00:00,2019.0,15.95,132.575,20.57776,1003.0
2019-09-28 06:00:00,2019268N10155,MITAG,2019-09-28 06:00:00,2019.0,17.075,130.6,23.14998,1001.0
2019-09-28 12:00:00,2019268N10155,MITAG,2019-09-28 12:00:00,2019.0,17.6,129.2,23.14998,1000.0
2019-09-28 18:00:00,2019268N10155,MITAG,2019-09-28 18:00:00,2019.0,17.875,127.825,23.14998,997.0
2019-09-29 00:00:00,2019268N10155,MITAG,2019-09-29 00:00:00,2019.0,18.425,126.775,25.7222,996.0
2019-09-29 06:00:00,2019268N10155,MITAG,2019-09-29 06:00:00,2019.0,19.35,125.875,30.86664,989.0
2019-09-29 12:00:00,2019268N10155,MITAG,2019-09-29 12:00:00,2019.0,20.225,124.825,33.43886,986.0
2019-09-29 18:00:00,2019268N10155,MITAG,2019-09-29 18:00:00,2019.0,20.925,123.75,33.43886,983.0
2019-09-30 00:00:00,2019268N10155,MITAG,2019-09-30 00:00:00,2019.0,21.7,123.025,36.01108,980.0
2019-09-30 06:00:00,2019268N10155,MITAG,2019-09-30 06:00:00,2019.0,22.825,122.925,43.72774,968.0
2019-09-30 12:00:00,2019268N10155,MITAG,2019-09-30 12:00:00,2019.0,24.6,122.9,46.29996,961.0
2019-09-30 18:00:00,2019268N10155,MITAG,2019-09-30 18:00:00,2019.0,26.1,122.475,43.72774,966.0
2019-10-01 00:00:00,2019268N10155,MITAG,2019-10-01 00:00:00,2019.0,27.425,122.175,36.01108,977.0
2019-10-01 06:00:00,2019268N10155,MITAG,2019-10-01 06:00:00,2019.0,28.65,122.225,33.43886,980.0
2019-10-01 12:00:00,2019268N10155,MITAG,2019-10-01 12:00:00,2019.0,29.975,122.4,30.86664,983.0
2019-10-01 18:00:00,2019268N10155,MITAG,2019-10-01 18:00:00,2019.0,30.65,122.8,28.29442,985.0
2019-10-02 00:00:00,2019268N10155,MITAG,2019-10-02 00:00:00,2019.0,32.0,123.85,23.14998,992.0
2019-10-02 06:00:00,2019268N10155,MITAG,2019-10-02 06:00:00,2019.0,33.3,124.7,23.14998,991.0
2019-10-02 12:00:00,2019268N10155,MITAG,2019-10-02 12:00:00,2019.0,34.4,126.3,20.57776,995.0
2019-10-02 18:00:00,2019268N10155,MITAG,2019-10-02 18:00:00,2019.0,35.8,128.2,20.57776,995.0
2019-10-03 00:00:00,2019268N10155,MITAG,2019-10-03 00:00:00,2019.0,37.5857,129.957,23.14998,992.0
2019-10-03 06:00:00,2019268N10155,MITAG,2019-10-03 06:00:00,2019.0,38.1333,131.267,23.14998,988.0
2019-10-03 12:00:00,2019268N10155,MITAG,2019-10-03 12:00:00,2019.0,38.7667,132.667,25.7222,986.0
2019-10-03 18:00:00,2019268N10155,MITAG,2019-10-03 18:00:00,2019.0,38.9667,134.333,23.14998,985.0
2019-10-04 00:00:00,2019268N10155,MITAG,2019-10-04 00:00:00,2019.0,39.0333,136.367,23.14998,985.0
2019-10-04 06:00:00,2019268N10155,MITAG,2019-10-04 06:00:00,2019.0,38.9091,138.482,23.14998,986.0
2019-10-04 12:00:00,2019268N10155,MITAG,2019-10-04 12:00:00,2019.0,38.7667,140.689,18.00554,993.0
2019-10-04 12:00:00,2019278N16165,HAGIBIS,2019-10-04 12:00:00,2019.0,15.8,164.6,7.71666,1010.0
2019-10-04 18:00:00,2019278N16165,HAGIBIS,2019-10-04 18:00:00,2019.0,15.7,163.8,10.28888,1006.0
2019-10-05 00:00:00,2019278N16165,HAGIBIS,2019-10-05 00:00:00,2019.0,15.1556,162.5,12.8611,1005.0
2019-10-05 06:00:00,2019278N16165,HAGIBIS,2019-10-05 06:00:00,2019.0,15.2214,161.129,12.8611,1005.0
2019-10-05 12:00:00,2019278N16165,HAGIBIS,2019-10-05 12:00:00,2019.0,15.175,159.675,15.43332,1004.0
2019-10-05 18:00:00,2019278N16165,HAGIBIS,2019-10-05 18:00:00,2019.0,15.075,157.85,18.00554,1003.0
2019-10-06 00:00:00,2019278N16165,HAGIBIS,2019-10-06 00:00:00,2019.0,14.65,155.825,23.14998,998.0
2019-10-06 06:00:00,2019278N16165,HAGIBIS,2019-10-06 06:00:00,2019.0,14.425,154.15,25.7222,995.0
2019-10-06 12:00:00,2019278N16165,HAGIBIS,2019-10-06 12:00:00,2019.0,14.525,152.75,30.86664,988.0
2019-10-06 18:00:00,2019278N16165,HAGIBIS,2019-10-06 18:00:00,2019.0,14.9,151.125,36.01108,982.0
2019-10-07 00:00:00,2019278N16165,HAGIBIS,2019-10-07 00:00:00,2019.0,15.15,149.55,54.01662,953.0
2019-10-07 06:00:00,2019278N16165,HAGIBIS,2019-10-07 06:00:00,2019.0,15.525,148.175,72.02216,921.0
2019-10-07 12:00:00,2019278N16165,HAGIBIS,2019-10-07 12:00:00,2019.0,16.1,146.575,82.31104,900.0
2019-10-07 18:00:00,2019278N16165,HAGIBIS,2019-10-07 18:00:00,2019.0,16.5,144.925,74.59438,909.0
2019-10-08 00:00:00,2019278N16165,HAGIBIS,2019-10-08 00:00:00,2019.0,16.9,143.775,66.87772,926.0
2019-10-08 06:00:00,2019278N16165,HAGIBIS,2019-10-08 06:00:00,2019.0,17.7,142.7,61.73328,936.0
2019-10-08 12:00:00,2019278N16165,HAGIBIS,2019-10-08 12:00:00,2019.0,18.4,141.8,64.3055,928.0
2019-10-08 18:00:00,2019278N16165,HAGIBIS,2019-10-08 18:00:00,2019.0,19.25,140.825,72.02216,909.0
2019-10-09 00:00:00,2019278N16165,HAGIBIS,2019-10-09 00:00:00,2019.0,19.8,140.4,74.59438,902.0
2019-10-09 06:00:00,2019278N16165,HAGIBIS,2019-10-09 06:00:00,2019.0,20.6,139.925,74.59438,904.0
2019-10-09 12:00:00,2019278N16165,HAGIBIS,2019-10-09 12:00:00,2019.0,21.225,139.625,72.02216,910.0
2019-10-09 18:00:00,2019278N16165,HAGIBIS,2019-10-09 18:00:00,2019.0,22.0,139.75,69.44994,911.0
2019-10-10 00:00:00,2019278N16165,HAGIBIS,2019-10-10 00:00:00,2019.0,23.2,139.875,66.87772,916.0
2019-10-10 06:00:00,2019278N16165,HAGIBIS,2019-10-10 06:00:00,2019.0,24.425,139.45,66.87772,917.0
2019-10-10 12:00:00,2019278N16165,HAGIBIS,2019-10-10 12:00:00,2019.0,25.3,138.95,64.3055,920.0
2019-10-10 18:00:00,2019278N16165,HAGIBIS,2019-10-10 18:00:00,2019.0,26.3,138.525,61.73328,923.0
2019-10-11 00:00:00,2019278N16165,HAGIBIS,2019-10-11 00:00:00,2019.0,27.5,138.0,59.16106,933.0
2019-10-11 06:00:00,2019278N16165,HAGIBIS,2019-10-11 06:00:00,2019.0,28.725,137.5,56.588840000000005,933.0
2019-10-11 12:00:00,2019278N16165,HAGIBIS,2019-10-11 12:00:00,2019.0,29.9,137.1,54.01662,935.0
2019-10-11 18:00:00,2019278N16165,HAGIBIS,2019-10-11 18:00:00,2019.0,30.8,137.0,51.4444,942.0
2019-10-12 00:00:00,2019278N16165,HAGIBIS,2019-10-12 00:00:00,2019.0,32.075,137.375,48.87218,948.0
2019-10-12 06:00:00,2019278N16165,HAGIBIS,2019-10-12 06:00:00,2019.0,33.7,138.2,43.72774,951.0
2019-10-12 12:00:00,2019278N16165,HAGIBIS,2019-10-12 12:00:00,2019.0,35.575,139.425,38.5833,960.0
2019-10-12 18:00:00,2019278N16165,HAGIBIS,2019-10-12 18:00:00,2019.0,38.2,141.827,33.43886,970.0
2019-10-13 00:00:00,2019278N16165,HAGIBIS,2019-10-13 00:00:00,2019.0,40.0308,145.046,28.29442,976.0
2019-10-13 06:00:00,2019278N16165,HAGIBIS,2019-10-13 06:00:00,2019.0,42.0182,149.945,25.7222,980.0
2019-10-13 12:00:00,2019278N16165,HAGIBIS,2019-10-13 12:00:00,2019.0,44.2,156.122,23.14998,983.0
2019-10-15 06:00:00,2019288N16136,NEOGURI,2019-10-15 06:00:00,2019.0,16.0667,135.367,7.71666,1006.0
2019-10-15 12:00:00,2019288N16136,NEOGURI,2019-10-15 12:00:00,2019.0,16.4,134.533,10.28888,1004.0
2019-10-15 18:00:00,2019288N16136,NEOGURI,2019-10-15 18:00:00,2019.0,16.8,133.733,12.8611,1003.0
2019-10-16 00:00:00,2019288N16136,NEOGURI,2019-10-16 00:00:00,2019.0,17.2667,132.767,12.8611,1003.0
2019-10-16 06:00:00,2019288N16136,NEOGURI,2019-10-16 06:00:00,2019.0,17.7667,131.833,12.8611,1003.0
2019-10-16 12:00:00,2019288N16136,NEOGURI,2019-10-16 12:00:00,2019.0,18.0333,131.0,12.8611,1002.0
2019-10-16 18:00:00,2019288N16136,NEOGURI,2019-10-16 18:00:00,2019.0,18.3,130.433,15.43332,1001.0
2019-10-17 00:00:00,2019288N16136,NEOGURI,2019-10-17 00:00:00,2019.0,18.6667,130.167,15.43332,1001.0
2019-10-17 06:00:00,2019288N16136,NEOGURI,2019-10-17 06:00:00,2019.0,19.0667,130.033,18.00554,1000.0
2019-10-17 12:00:00,2019288N16136,NEOGURI,2019-10-17 12:00:00,2019.0,19.3667,130.033,20.57776,999.0
2019-10-17 18:00:00,2019288N16136,NEOGURI,2019-10-17 18:00:00,2019.0,19.6,129.962,20.57776,1004.0
2019-10-18 00:00:00,2019288N16136,NEOGURI,2019-10-18 00:00:00,2019.0,19.76,129.8,23.14998,1001.0
2019-10-18 06:00:00,2019288N16136,NEOGURI,2019-10-18 06:00:00,2019.0,20.025,129.675,23.14998,998.0
2019-10-18 12:00:00,2019288N16136,NEOGURI,2019-10-18 12:00:00,2019.0,20.375,129.325,25.7222,998.0
2019-10-18 18:00:00,2019288N16136,NEOGURI,2019-10-18 18:00:00,2019.0,20.725,128.625,28.29442,994.0
2019-10-19 00:00:00,2019288N16136,NEOGURI,2019-10-19 00:00:00,2019.0,21.05,127.925,30.86664,991.0
2019-10-19 06:00:00,2019288N16136,NEOGURI,2019-10-19 06:00:00,2019.0,21.525,127.325,33.43886,988.0
2019-10-19 12:00:00,2019288N16136,NEOGURI,2019-10-19 12:00:00,2019.0,21.825,127.25,38.5833,980.0
2019-10-19 18:00:00,2019288N16136,NEOGURI,2019-10-19 18:00:00,2019.0,22.575,127.5,48.87218,964.0
2019-10-20 00:00:00,2019288N16136,NEOGURI,2019-10-20 00:00:00,2019.0,23.375,127.925,46.29996,971.0
2019-10-20 06:00:00,2019288N16136,NEOGURI,2019-10-20 06:00:00,2019.0,24.5,129.025,41.15552,975.0
2019-10-20 12:00:00,2019288N16136,NEOGURI,2019-10-20 12:00:00,2019.0,25.525,130.025,33.43886,985.0
2019-10-20 18:00:00,2019288N16136,NEOGURI,2019-10-20 18:00:00,2019.0,27.15,131.425,28.29442,992.0
2019-10-21 00:00:00,2019288N16136,NEOGURI,2019-10-21 00:00:00,2019.0,28.875,133.025,25.7222,994.0
2019-10-21 06:00:00,2019288N16136,NEOGURI,2019-10-21 06:00:00,2019.0,30.3286,134.257,23.14998,995.0
2019-10-21 12:00:00,2019288N16136,NEOGURI,2019-10-21 12:00:00,2019.0,31.1333,135.367,20.57776,998.0
2019-10-21 18:00:00,2019288N16136,NEOGURI,2019-10-21 18:00:00,2019.0,31.9333,136.8,20.57776,995.0
2019-10-22 00:00:00,2019288N16136,NEOGURI,2019-10-22 00:00:00,2019.0,32.2,138.067,20.57776,996.0
2019-10-17 06:00:00,2019290N08169,BUALOI,2019-10-17 06:00:00,2019.0,7.9,168.6,7.71666,1009.0
2019-10-17 12:00:00,2019290N08169,BUALOI,2019-10-17 12:00:00,2019.0,7.9,166.9,7.71666,1010.0
2019-10-17 18:00:00,2019290N08169,BUALOI,2019-10-17 18:00:00,2019.0,7.9,165.2,7.71666,1010.0
2019-10-18 00:00:00,2019290N08169,BUALOI,2019-10-18 00:00:00,2019.0,8.2,163.6,10.28888,1009.0
2019-10-18 06:00:00,2019290N08169,BUALOI,2019-10-18 06:00:00,2019.0,8.78,161.68,10.28888,1007.0
2019-10-18 12:00:00,2019290N08169,BUALOI,2019-10-18 12:00:00,2019.0,9.0,159.962,10.28888,1010.0
2019-10-18 18:00:00,2019290N08169,BUALOI,2019-10-18 18:00:00,2019.0,9.44545,157.982,12.8611,1011.0
2019-10-19 00:00:00,2019290N08169,BUALOI,2019-10-19 00:00:00,2019.0,10.1308,156.515,15.43332,1007.0
2019-10-19 06:00:00,2019290N08169,BUALOI,2019-10-19 06:00:00,2019.0,10.6,155.013,20.57776,1004.0
2019-10-19 12:00:00,2019290N08169,BUALOI,2019-10-19 12:00:00,2019.0,10.85,153.825,23.14998,1002.0
2019-10-19 18:00:00,2019290N08169,BUALOI,2019-10-19 18:00:00,2019.0,11.05,152.525,28.29442,997.0
2019-10-20 00:00:00,2019290N08169,BUALOI,2019-10-20 00:00:00,2019.0,11.475,151.425,30.86664,995.0
2019-10-20 06:00:00,2019290N08169,BUALOI,2019-10-20 06:00:00,2019.0,12.075,150.525,33.43886,988.0
2019-10-20 12:00:00,2019290N08169,BUALOI,2019-10-20 12:00:00,2019.0,12.65,149.825,36.01108,984.0
2019-10-20 18:00:00,2019290N08169,BUALOI,2019-10-20 18:00:00,2019.0,13.25,149.075,38.5833,981.0
2019-10-21 00:00:00,2019290N08169,BUALOI,2019-10-21 00:00:00,2019.0,14.05,148.175,46.29996,970.0
2019-10-21 06:00:00,2019290N08169,BUALOI,2019-10-21 06:00:00,2019.0,14.675,147.6,51.4444,962.0
2019-10-21 12:00:00,2019290N08169,BUALOI,2019-10-21 12:00:00,2019.0,15.4,146.8,56.588840000000005,954.0
2019-10-21 18:00:00,2019290N08169,BUALOI,2019-10-21 18:00:00,2019.0,16.275,146.0,59.16106,947.0
2019-10-22 00:00:00,2019290N08169,BUALOI,2019-10-22 00:00:00,2019.0,17.1,145.0,61.73328,946.0
2019-10-22 06:00:00,2019290N08169,BUALOI,2019-10-22 06:00:00,2019.0,18.15,144.4,66.87772,933.0
2019-10-22 12:00:00,2019290N08169,BUALOI,2019-10-22 12:00:00,2019.0,19.175,143.55,69.44994,929.0
2019-10-22 18:00:00,2019290N08169,BUALOI,2019-10-22 18:00:00,2019.0,20.325,143.1,64.3055,938.0
2019-10-23 00:00:00,2019290N08169,BUALOI,2019-10-23 00:00:00,2019.0,21.675,142.35,59.16106,950.0
2019-10-23 06:00:00,2019290N08169,BUALOI,2019-10-23 06:00:00,2019.0,22.775,142.025,54.01662,956.0
2019-10-23 12:00:00,2019290N08169,BUALOI,2019-10-23 12:00:00,2019.0,24.0,141.95,54.01662,956.0
2019-10-23 18:00:00,2019290N08169,BUALOI,2019-10-23 18:00:00,2019.0,25.45,141.9,54.01662,954.0
2019-10-24 00:00:00,2019290N08169,BUALOI,2019-10-24 00:00:00,2019.0,26.8,142.075,48.87218,962.0
2019-10-24 06:00:00,2019290N08169,BUALOI,2019-10-24 06:00:00,2019.0,28.225,142.55,46.29996,966.0
2019-10-24 12:00:00,2019290N08169,BUALOI,2019-10-24 12:00:00,2019.0,29.475,143.6,46.29996,964.0
2019-10-24 18:00:00,2019290N08169,BUALOI,2019-10-24 18:00:00,2019.0,30.85,144.875,41.15552,973.0
2019-10-25 00:00:00,2019290N08169,BUALOI,2019-10-25 00:00:00,2019.0,32.3267,146.287,36.01108,980.0
2019-10-25 06:00:00,2019290N08169,BUALOI,2019-10-25 06:00:00,2019.0,33.9583,148.067,30.86664,981.0
2019-10-25 12:00:00,2019290N08169,BUALOI,2019-10-25 12:00:00,2019.0,35.1625,148.788,28.29442,983.0
2019-10-28 12:00:00,2019302N11118,BULBUL:MATMO,2019-10-28 12:00:00,2019.0,10.6,118.2,10.28888,1007.0
2019-10-28 18:00:00,2019302N11118,BULBUL:MATMO,2019-10-28 18:00:00,2019.0,11.12,117.16,10.28888,1007.0
2019-10-29 00:00:00,2019302N11118,BULBUL:MATMO,2019-10-29 00:00:00,2019.0,11.8727,115.973,10.28888,1009.0
2019-10-29 06:00:00,2019302N11118,BULBUL:MATMO,2019-10-29 06:00:00,2019.0,12.3867,114.913,12.8611,1004.0
2019-10-29 12:00:00,2019302N11118,BULBUL:MATMO,2019-10-29 12:00:00,2019.0,12.875,113.95,12.8611,1004.0
2019-10-29 18:00:00,2019302N11118,BULBUL:MATMO,2019-10-29 18:00:00,2019.0,13.05,112.775,15.43332,1003.0
2019-10-30 00:00:00,2019302N11118,BULBUL:MATMO,2019-10-30 00:00:00,2019.0,13.175,111.7,20.57776,999.0
2019-10-30 06:00:00,2019302N11118,BULBUL:MATMO,2019-10-30 06:00:00,2019.0,13.175,110.725,23.14998,995.0
2019-10-30 12:00:00,2019302N11118,BULBUL:MATMO,2019-10-30 12:00:00,2019.0,13.275,110.125,25.7222,993.0
2019-10-30 18:00:00,2019302N11118,BULBUL:MATMO,2019-10-30 18:00:00,2019.0,13.475,108.775,25.7222,995.0
2019-10-31 00:00:00,2019302N11118,BULBUL:MATMO,2019-10-31 00:00:00,2019.0,13.65,107.175,23.14998,998.0
2019-10-31 06:00:00,2019302N11118,BULBUL:MATMO,2019-10-31 06:00:00,2019.0,13.7143,105.929,18.00554,996.0
2019-10-31 12:00:00,2019302N11118,BULBUL:MATMO,2019-10-31 12:00:00,2019.0,13.86,104.9,12.8611,1006.0
2019-10-31 18:00:00,2019302N11118,BULBUL:MATMO,2019-10-31 18:00:00,2019.0,13.9667,103.567,10.28888,1008.0
2019-11-01 00:00:00,2019302N11118,BULBUL:MATMO,2019-11-01 00:00:00,2019.0,14.3,102.2,7.71666,1008.0
2019-11-01 06:00:00,2019302N11118,BULBUL:MATMO,2019-11-01 06:00:00,2019.0,14.5,101.4,7.71666,1008.0
2019-11-01 12:00:00,2019302N11118,BULBUL:MATMO,2019-11-01 12:00:00,2019.0,14.4,100.7,7.71666,1007.0
2019-11-01 18:00:00,2019302N11118,BULBUL:MATMO,2019-11-01 18:00:00,2019.0,14.2,100.0,7.71666,1008.0
2019-11-02 00:00:00,2019302N11118,BULBUL:MATMO,2019-11-02 00:00:00,2019.0,14.0,99.3,7.71666,1008.0
2019-11-02 06:00:00,2019302N11118,BULBUL:MATMO,2019-11-02 06:00:00,2019.0,13.8,98.8,7.71666,1010.0
2019-11-02 12:00:00,2019302N11118,BULBUL:MATMO,2019-11-02 12:00:00,2019.0,13.6,98.3,7.71666,1006.0
2019-11-02 18:00:00,2019302N11118,BULBUL:MATMO,2019-11-02 18:00:00,2019.0,13.4,97.6,7.71666,1006.0
2019-11-03 00:00:00,2019302N11118,BULBUL:MATMO,2019-11-03 00:00:00,2019.0,13.3,96.7,7.71666,1006.0
2019-11-03 06:00:00,2019302N11118,BULBUL:MATMO,2019-11-03 06:00:00,2019.0,13.3,96.0,7.71666,1008.0
2019-11-03 12:00:00,2019302N11118,BULBUL:MATMO,2019-11-03 12:00:00,2019.0,13.3,95.4,10.28888,1007.0
2019-11-03 18:00:00,2019302N11118,BULBUL:MATMO,2019-11-03 18:00:00,2019.0,13.2,94.8,10.28888,1006.0
2019-11-04 00:00:00,2019302N11118,BULBUL:MATMO,2019-11-04 00:00:00,2019.0,13.0,94.1,10.28888,1007.0
2019-11-04 06:00:00,2019302N11118,BULBUL:MATMO,2019-11-04 06:00:00,2019.0,12.8,93.2,12.8611,1006.0
2019-11-04 12:00:00,2019302N11118,BULBUL:MATMO,2019-11-04 12:00:00,2019.0,12.8,92.3,12.8611,1005.0
2019-11-04 18:00:00,2019302N11118,BULBUL:MATMO,2019-11-04 18:00:00,2019.0,12.8,91.6,12.8611,1008.0
2019-11-05 00:00:00,2019302N11118,BULBUL:MATMO,2019-11-05 00:00:00,2019.0,12.86,91.1,12.8611,1007.0
2019-11-05 06:00:00,2019302N11118,BULBUL:MATMO,2019-11-05 06:00:00,2019.0,12.9286,90.6429,12.8611,1006.0
2019-11-05 12:00:00,2019302N11118,BULBUL:MATMO,2019-11-05 12:00:00,2019.0,13.05,90.1,18.00554,1002.0
2019-11-05 18:00:00,2019302N11118,BULBUL:MATMO,2019-11-05 18:00:00,2019.0,13.1,89.75,18.00554,1001.0
2019-11-06 00:00:00,2019302N11118,BULBUL:MATMO,2019-11-06 00:00:00,2019.0,13.3,89.8,18.00554,1000.0
2019-11-06 06:00:00,2019302N11118,BULBUL:MATMO,2019-11-06 06:00:00,2019.0,13.25,89.7,18.00554,998.0
2019-11-06 12:00:00,2019302N11118,BULBUL:MATMO,2019-11-06 12:00:00,2019.0,13.4,89.65,18.00554,997.0
2019-11-06 18:00:00,2019302N11118,BULBUL:MATMO,2019-11-06 18:00:00,2019.0,13.85,89.55,20.57776,997.0
2019-11-07 00:00:00,2019302N11118,BULBUL:MATMO,2019-11-07 00:00:00,2019.0,14.35,89.25,23.14998,995.0
2019-11-07 06:00:00,2019302N11118,BULBUL:MATMO,2019-11-07 06:00:00,2019.0,15.2,88.7,25.7222,994.0
2019-11-07 12:00:00,2019302N11118,BULBUL:MATMO,2019-11-07 12:00:00,2019.0,15.75,88.15,30.86664,988.0
2019-11-07 18:00:00,2019302N11118,BULBUL:MATMO,2019-11-07 18:00:00,2019.0,16.3,87.8,33.43886,984.0
2019-11-08 00:00:00,2019302N11118,BULBUL:MATMO,2019-11-08 00:00:00,2019.0,16.95,87.7,36.01108,983.0
2019-11-08 06:00:00,2019302N11118,BULBUL:MATMO,2019-11-08 06:00:00,2019.0,17.7,87.75,41.15552,974.0
2019-11-08 12:00:00,2019302N11118,BULBUL:MATMO,2019-11-08 12:00:00,2019.0,18.6,87.75,41.15552,975.0
2019-11-08 18:00:00,2019302N11118,BULBUL:MATMO,2019-11-08 18:00:00,2019.0,19.3,87.7,38.5833,979.0
2019-11-09 00:00:00,2019302N11118,BULBUL:MATMO,2019-11-09 00:00:00,2019.0,20.0,87.65,38.5833,979.0
2019-11-09 06:00:00,2019302N11118,BULBUL:MATMO,2019-11-09 06:00:00,2019.0,20.6,87.75,43.72774,972.0
2019-11-09 12:00:00,2019302N11118,BULBUL:MATMO,2019-11-09 12:00:00,2019.0,21.15,88.05,51.4444,959.0
2019-11-09 18:00:00,2019302N11118,BULBUL:MATMO,2019-11-09 18:00:00,2019.0,21.6,88.6,48.87218,964.0
2019-11-10 00:00:00,2019302N11118,BULBUL:MATMO,2019-11-10 00:00:00,2019.0,22.0,89.45,36.01108,983.0
2019-11-10 06:00:00,2019302N11118,BULBUL:MATMO,2019-11-10 06:00:00,2019.0,22.3,90.1,28.29442,993.0
2019-11-10 12:00:00,2019302N11118,BULBUL:MATMO,2019-11-10 12:00:00,2019.0,22.55,90.55,20.57776,1001.0
2019-11-10 18:00:00,2019302N11118,BULBUL:MATMO,2019-11-10 18:00:00,2019.0,22.75,91.1,15.43332,1006.0
2019-11-11 00:00:00,2019302N11118,BULBUL:MATMO,2019-11-11 00:00:00,2019.0,23.1,91.5,10.28888,1007.0
2019-11-01 12:00:00,2019306N10162,HALONG,2019-11-01 12:00:00,2019.0,9.6,162.2,10.28888,1007.0
2019-11-01 18:00:00,2019306N10162,HALONG,2019-11-01 18:00:00,2019.0,10.6143,160.757,10.28888,1004.0
2019-11-02 00:00:00,2019306N10162,HALONG,2019-11-02 00:00:00,2019.0,11.5545,159.5,10.28888,1004.0
2019-11-02 06:00:00,2019306N10162,HALONG,2019-11-02 06:00:00,2019.0,12.5,158.4,12.8611,1002.0
2019-11-02 12:00:00,2019306N10162,HALONG,2019-11-02 12:00:00,2019.0,13.2615,157.485,18.00554,999.0
2019-11-02 18:00:00,2019306N10162,HALONG,2019-11-02 18:00:00,2019.0,13.94,156.473,20.57776,997.0
2019-11-03 00:00:00,2019306N10162,HALONG,2019-11-03 00:00:00,2019.0,14.75,155.4,23.14998,995.0
2019-11-03 06:00:00,2019306N10162,HALONG,2019-11-03 06:00:00,2019.0,15.35,154.625,25.7222,992.0
2019-11-03 12:00:00,2019306N10162,HALONG,2019-11-03 12:00:00,2019.0,15.9,154.2,25.7222,992.0
2019-11-03 18:00:00,2019306N10162,HALONG,2019-11-03 18:00:00,2019.0,16.575,153.825,33.43886,982.0
2019-11-04 00:00:00,2019306N10162,HALONG,2019-11-04 00:00:00,2019.0,17.1,153.575,36.01108,977.0
2019-11-04 06:00:00,2019306N10162,HALONG,2019-11-04 06:00:00,2019.0,17.775,153.2,38.5833,973.0
2019-11-04 12:00:00,2019306N10162,HALONG,2019-11-04 12:00:00,2019.0,18.25,152.725,43.72774,966.0
2019-11-04 18:00:00,2019306N10162,HALONG,2019-11-04 18:00:00,2019.0,18.775,152.3,51.4444,954.0
2019-11-05 00:00:00,2019306N10162,HALONG,2019-11-05 00:00:00,2019.0,19.1,151.875,61.73328,935.0
2019-11-05 06:00:00,2019306N10162,HALONG,2019-11-05 06:00:00,2019.0,19.65,151.3,72.02216,912.0
2019-11-05 12:00:00,2019306N10162,HALONG,2019-11-05 12:00:00,2019.0,19.9,150.8,79.73882,900.0
2019-11-05 18:00:00,2019306N10162,HALONG,2019-11-05 18:00:00,2019.0,20.3,150.55,82.31104,900.0
2019-11-06 00:00:00,2019306N10162,HALONG,2019-11-06 00:00:00,2019.0,20.8,150.475,79.73882,900.0
2019-11-06 06:00:00,2019306N10162,HALONG,2019-11-06 06:00:00,2019.0,21.2,150.525,69.44994,918.0
2019-11-06 12:00:00,2019306N10162,HALONG,2019-11-06 12:00:00,2019.0,21.65,150.75,64.3055,930.0
2019-11-06 18:00:00,2019306N10162,HALONG,2019-11-06 18:00:00,2019.0,22.275,151.0,59.16106,940.0
2019-11-07 00:00:00,2019306N10162,HALONG,2019-11-07 00:00:00,2019.0,23.0,151.2,51.4444,952.0
2019-11-07 06:00:00,2019306N10162,HALONG,2019-11-07 06:00:00,2019.0,23.725,151.375,46.29996,961.0
2019-11-07 12:00:00,2019306N10162,HALONG,2019-11-07 12:00:00,2019.0,24.575,151.85,46.29996,961.0
2019-11-07 18:00:00,2019306N10162,HALONG,2019-11-07 18:00:00,2019.0,25.55,152.775,41.15552,970.0
2019-11-08 00:00:00,2019306N10162,HALONG,2019-11-08 00:00:00,2019.0,26.8,154.475,38.5833,978.0
2019-11-08 06:00:00,2019306N10162,HALONG,2019-11-08 06:00:00,2019.0,28.175,156.35,38.5833,977.0
2019-11-08 12:00:00,2019306N10162,HALONG,2019-11-08 12:00:00,2019.0,29.46,158.373,30.86664,989.0
2019-11-08 18:00:00,2019306N10162,HALONG,2019-11-08 18:00:00,2019.0,30.6615,159.7,23.14998,995.0
2019-11-09 00:00:00,2019306N10162,HALONG,2019-11-09 00:00:00,2019.0,31.2667,160.833,20.57776,999.0
2019-11-09 06:00:00,2019306N10162,HALONG,2019-11-09 06:00:00,2019.0,31.6333,162.6,18.00554,1001.0
2019-11-09 12:00:00,2019306N10162,HALONG,2019-11-09 12:00:00,2019.0,31.9333,164.533,15.43332,1003.0
2019-11-09 18:00:00,2019306N10162,HALONG,2019-11-09 18:00:00,2019.0,31.9273,166.273,15.43332,1002.0
2019-11-10 00:00:00,2019306N10162,HALONG,2019-11-10 00:00:00,2019.0,32.0429,168.4,15.43332,1003.0
2019-11-10 06:00:00,2019306N10162,HALONG,2019-11-10 06:00:00,2019.0,32.55,170.2,15.43332,999.0
2019-11-05 00:00:00,2019308N13114,NAKRI,2019-11-05 00:00:00,2019.0,13.77,114.85,10.28888,1007.0
2019-11-05 06:00:00,2019308N13114,NAKRI,2019-11-05 06:00:00,2019.0,13.7571,115.25,10.28888,1002.0
2019-11-05 12:00:00,2019308N13114,NAKRI,2019-11-05 12:00:00,2019.0,13.7,115.65,10.28888,1001.0
2019-11-05 18:00:00,2019308N13114,NAKRI,2019-11-05 18:00:00,2019.0,13.575,116.075,12.8611,1002.0
2019-11-06 00:00:00,2019308N13114,NAKRI,2019-11-06 00:00:00,2019.0,13.45,116.325,15.43332,1000.0
2019-11-06 06:00:00,2019308N13114,NAKRI,2019-11-06 06:00:00,2019.0,13.425,116.475,18.00554,997.0
2019-11-06 12:00:00,2019308N13114,NAKRI,2019-11-06 12:00:00,2019.0,13.425,116.625,20.57776,995.0
2019-11-06 18:00:00,2019308N13114,NAKRI,2019-11-06 18:00:00,2019.0,13.45,116.875,23.14998,993.0
2019-11-07 00:00:00,2019308N13114,NAKRI,2019-11-07 00:00:00,2019.0,13.425,117.025,28.29442,986.0
2019-11-07 06:00:00,2019308N13114,NAKRI,2019-11-07 06:00:00,2019.0,13.35,117.125,30.86664,982.0
2019-11-07 12:00:00,2019308N13114,NAKRI,2019-11-07 12:00:00,2019.0,13.225,117.2,30.86664,985.0
2019-11-07 18:00:00,2019308N13114,NAKRI,2019-11-07 18:00:00,2019.0,13.025,117.05,30.86664,985.0
2019-11-08 00:00:00,2019308N13114,NAKRI,2019-11-08 00:00:00,2019.0,12.75,116.825,30.86664,986.0
2019-11-08 06:00:00,2019308N13114,NAKRI,2019-11-08 06:00:00,2019.0,12.625,116.45,33.43886,984.0
2019-11-08 12:00:00,2019308N13114,NAKRI,2019-11-08 12:00:00,2019.0,12.5,116.0,30.86664,985.0
2019-11-08 18:00:00,2019308N13114,NAKRI,2019-11-08 18:00:00,2019.0,12.45,115.375,28.29442,991.0
2019-11-09 00:00:00,2019308N13114,NAKRI,2019-11-09 00:00:00,2019.0,12.4,114.775,25.7222,992.0
2019-11-09 06:00:00,2019308N13114,NAKRI,2019-11-09 06:00:00,2019.0,12.425,113.975,25.7222,992.0
2019-11-09 12:00:00,2019308N13114,NAKRI,2019-11-09 12:00:00,2019.0,12.425,113.25,25.7222,994.0
2019-11-09 18:00:00,2019308N13114,NAKRI,2019-11-09 18:00:00,2019.0,12.525,112.6,25.7222,994.0
2019-11-10 00:00:00,2019308N13114,NAKRI,2019-11-10 00:00:00,2019.0,12.55,111.65,25.7222,995.0
2019-11-10 06:00:00,2019308N13114,NAKRI,2019-11-10 06:00:00,2019.0,12.65,110.8,25.7222,995.0
2019-11-10 12:00:00,2019308N13114,NAKRI,2019-11-10 12:00:00,2019.0,12.675,109.95,25.7222,996.0
2019-11-10 18:00:00,2019308N13114,NAKRI,2019-11-10 18:00:00,2019.0,12.8067,109.28,23.14998,999.0
2019-11-11 00:00:00,2019308N13114,NAKRI,2019-11-11 00:00:00,2019.0,13.01,108.64,15.43332,1002.0
2019-11-11 06:00:00,2019308N13114,NAKRI,2019-11-11 06:00:00,2019.0,13.2667,107.733,10.28888,1005.0
2019-11-09 18:00:00,2019314N12172,FENGSHEN,2019-11-09 18:00:00,2019.0,11.65,172.45,7.71666,1010.0
2019-11-10 00:00:00,2019314N12172,FENGSHEN,2019-11-10 00:00:00,2019.0,12.0,171.25,7.71666,1008.0
2019-11-10 06:00:00,2019314N12172,FENGSHEN,2019-11-10 06:00:00,2019.0,12.35,170.25,7.71666,1010.0
2019-11-10 12:00:00,2019314N12172,FENGSHEN,2019-11-10 12:00:00,2019.0,12.7,169.5,10.28888,1008.0
2019-11-10 18:00:00,2019314N12172,FENGSHEN,2019-11-10 18:00:00,2019.0,13.05,168.9,10.28888,1006.0
2019-11-11 00:00:00,2019314N12172,FENGSHEN,2019-11-11 00:00:00,2019.0,13.4333,168.089,10.28888,1006.0
2019-11-11 06:00:00,2019314N12172,FENGSHEN,2019-11-11 06:00:00,2019.0,13.9455,166.518,12.8611,1007.0
2019-11-11 12:00:00,2019314N12172,FENGSHEN,2019-11-11 12:00:00,2019.0,14.1615,165.215,12.8611,1005.0
2019-11-11 18:00:00,2019314N12172,FENGSHEN,2019-11-11 18:00:00,2019.0,14.6467,163.907,12.8611,1005.0
2019-11-12 00:00:00,2019314N12172,FENGSHEN,2019-11-12 00:00:00,2019.0,14.925,162.4,15.43332,1003.0
2019-11-12 06:00:00,2019314N12172,FENGSHEN,2019-11-12 06:00:00,2019.0,15.525,160.65,15.43332,1004.0
2019-11-12 12:00:00,2019314N12172,FENGSHEN,2019-11-12 12:00:00,2019.0,16.15,159.325,18.00554,1006.0
2019-11-12 18:00:00,2019314N12172,FENGSHEN,2019-11-12 18:00:00,2019.0,16.775,157.85,18.00554,1006.0
2019-11-13 00:00:00,2019314N12172,FENGSHEN,2019-11-13 00:00:00,2019.0,17.15,156.0,20.57776,1000.0
2019-11-13 06:00:00,2019314N12172,FENGSHEN,2019-11-13 06:00:00,2019.0,16.9,154.5,20.57776,1004.0
2019-11-13 12:00:00,2019314N12172,FENGSHEN,2019-11-13 12:00:00,2019.0,16.875,153.15,23.14998,1002.0
2019-11-13 18:00:00,2019314N12172,FENGSHEN,2019-11-13 18:00:00,2019.0,16.8,151.625,23.14998,1002.0
2019-11-14 00:00:00,2019314N12172,FENGSHEN,2019-11-14 00:00:00,2019.0,16.85,149.775,25.7222,997.0
2019-11-14 06:00:00,2019314N12172,FENGSHEN,2019-11-14 06:00:00,2019.0,17.05,148.175,28.29442,995.0
2019-11-14 12:00:00,2019314N12172,FENGSHEN,2019-11-14 12:00:00,2019.0,17.525,146.625,28.29442,996.0
2019-11-14 18:00:00,2019314N12172,FENGSHEN,2019-11-14 18:00:00,2019.0,18.2,145.025,36.01108,985.0
2019-11-15 00:00:00,2019314N12172,FENGSHEN,2019-11-15 00:00:00,2019.0,19.075,143.675,46.29996,974.0
2019-11-15 06:00:00,2019314N12172,FENGSHEN,2019-11-15 06:00:00,2019.0,20.1,142.675,54.01662,958.0
2019-11-15 12:00:00,2019314N12172,FENGSHEN,2019-11-15 12:00:00,2019.0,21.15,142.2,59.16106,948.0
2019-11-15 18:00:00,2019314N12172,FENGSHEN,2019-11-15 18:00:00,2019.0,22.4,142.475,59.16106,946.0
2019-11-16 00:00:00,2019314N12172,FENGSHEN,2019-11-16 00:00:00,2019.0,23.725,143.225,56.588840000000005,950.0
2019-11-16 06:00:00,2019314N12172,FENGSHEN,2019-11-16 06:00:00,2019.0,24.875,144.725,56.588840000000005,949.0
2019-11-16 12:00:00,2019314N12172,FENGSHEN,2019-11-16 12:00:00,2019.0,25.9,146.75,54.01662,953.0
2019-11-16 18:00:00,2019314N12172,FENGSHEN,2019-11-16 18:00:00,2019.0,26.525,149.175,46.29996,966.0
2019-11-17 00:00:00,2019314N12172,FENGSHEN,2019-11-17 00:00:00,2019.0,26.875,152.1,38.5833,982.0
2019-11-17 06:00:00,2019314N12172,FENGSHEN,2019-11-17 06:00:00,2019.0,26.7667,155.173,28.29442,996.0
2019-11-17 12:00:00,2019314N12172,FENGSHEN,2019-11-17 12:00:00,2019.0,26.1,156.546,20.57776,1005.0
2019-11-17 18:00:00,2019314N12172,FENGSHEN,2019-11-17 18:00:00,2019.0,25.0,157.8,15.43332,1007.0
2019-11-18 00:00:00,2019314N12172,FENGSHEN,2019-11-18 00:00:00,2019.0,23.825,158.337,12.8611,1013.0
2019-11-18 06:00:00,2019314N12172,FENGSHEN,2019-11-18 06:00:00,2019.0,22.225,157.7,10.28888,1012.0
2019-11-18 12:00:00,2019314N12172,FENGSHEN,2019-11-18 12:00:00,2019.0,20.8,156.0,10.28888,1012.0
2019-11-11 12:00:00,2019314N14136,KALMAEGI,2019-11-11 12:00:00,2019.0,12.4778,133.144,7.71666,1006.0
2019-11-11 18:00:00,2019314N14136,KALMAEGI,2019-11-11 18:00:00,2019.0,11.9273,132.709,10.28888,1004.0
2019-11-12 00:00:00,2019314N14136,KALMAEGI,2019-11-12 00:00:00,2019.0,11.7333,132.3,10.28888,1003.0
2019-11-12 06:00:00,2019314N14136,KALMAEGI,2019-11-12 06:00:00,2019.0,11.7667,131.833,10.28888,1002.0
2019-11-12 12:00:00,2019314N14136,KALMAEGI,2019-11-12 12:00:00,2019.0,11.9667,131.067,10.28888,1005.0
2019-11-12 18:00:00,2019314N14136,KALMAEGI,2019-11-12 18:00:00,2019.0,12.2333,130.0,10.28888,1006.0
2019-11-13 00:00:00,2019314N14136,KALMAEGI,2019-11-13 00:00:00,2019.0,12.7308,129.123,10.28888,1007.0
2019-11-13 06:00:00,2019314N14136,KALMAEGI,2019-11-13 06:00:00,2019.0,12.94,128.453,12.8611,1005.0
2019-11-13 12:00:00,2019314N14136,KALMAEGI,2019-11-13 12:00:00,2019.0,13.075,128.25,12.8611,1004.0
2019-11-13 18:00:00,2019314N14136,KALMAEGI,2019-11-13 18:00:00,2019.0,13.425,127.725,12.8611,1006.0
2019-11-14 00:00:00,2019314N14136,KALMAEGI,2019-11-14 00:00:00,2019.0,14.4,127.35,12.8611,1005.0
2019-11-14 06:00:00,2019314N14136,KALMAEGI,2019-11-14 06:00:00,2019.0,15.325,126.875,12.8611,1005.0
2019-11-14 12:00:00,2019314N14136,KALMAEGI,2019-11-14 12:00:00,2019.0,15.8,126.65,12.8611,1005.0
2019-11-14 18:00:00,2019314N14136,KALMAEGI,2019-11-14 18:00:00,2019.0,16.25,126.4,12.8611,1004.0
2019-11-15 00:00:00,2019314N14136,KALMAEGI,2019-11-15 00:00:00,2019.0,16.625,126.225,12.8611,1005.0
2019-11-15 06:00:00,2019314N14136,KALMAEGI,2019-11-15 06:00:00,2019.0,16.625,126.1,12.8611,1004.0
2019-11-15 12:00:00,2019314N14136,KALMAEGI,2019-11-15 12:00:00,2019.0,16.525,126.2,12.8611,1004.0
2019-11-15 18:00:00,2019314N14136,KALMAEGI,2019-11-15 18:00:00,2019.0,16.425,126.225,15.43332,1001.0
2019-11-16 00:00:00,2019314N14136,KALMAEGI,2019-11-16 00:00:00,2019.0,16.225,126.25,15.43332,1001.0
2019-11-16 06:00:00,2019314N14136,KALMAEGI,2019-11-16 06:00:00,2019.0,16.025,126.15,15.43332,1001.0
2019-11-16 12:00:00,2019314N14136,KALMAEGI,2019-11-16 12:00:00,2019.0,15.975,125.975,15.43332,1004.0
2019-11-16 18:00:00,2019314N14136,KALMAEGI,2019-11-16 18:00:00,2019.0,15.95,125.675,18.00554,1002.0
2019-11-17 00:00:00,2019314N14136,KALMAEGI,2019-11-17 00:00:00,2019.0,16.175,125.2,20.57776,1000.0
2019-11-17 06:00:00,2019314N14136,KALMAEGI,2019-11-17 06:00:00,2019.0,16.575,124.8,23.14998,998.0
2019-11-17 12:00:00,2019314N14136,KALMAEGI,2019-11-17 12:00:00,2019.0,16.85,124.125,23.14998,999.0
2019-11-17 18:00:00,2019314N14136,KALMAEGI,2019-11-17 18:00:00,2019.0,17.225,123.8,25.7222,995.0
2019-11-18 00:00:00,2019314N14136,KALMAEGI,2019-11-18 00:00:00,2019.0,17.55,123.425,28.29442,993.0
2019-11-18 06:00:00,2019314N14136,KALMAEGI,2019-11-18 06:00:00,2019.0,18.125,123.15,36.01108,984.0
2019-11-18 12:00:00,2019314N14136,KALMAEGI,2019-11-18 12:00:00,2019.0,18.85,122.925,38.5833,980.0
2019-11-18 18:00:00,2019314N14136,KALMAEGI,2019-11-18 18:00:00,2019.0,19.1,122.575,43.72774,970.0
2019-11-19 00:00:00,2019314N14136,KALMAEGI,2019-11-19 00:00:00,2019.0,19.2,122.45,46.29996,963.0
2019-11-19 06:00:00,2019314N14136,KALMAEGI,2019-11-19 06:00:00,2019.0,19.3,122.5,43.72774,966.0
2019-11-19 12:00:00,2019314N14136,KALMAEGI,2019-11-19 12:00:00,2019.0,19.275,122.4,38.5833,977.0
2019-11-19 18:00:00,2019314N14136,KALMAEGI,2019-11-19 18:00:00,2019.0,18.5,122.125,33.43886,982.0
2019-11-20 00:00:00,2019314N14136,KALMAEGI,2019-11-20 00:00:00,2019.0,17.425,121.6,23.14998,998.0
2019-11-20 06:00:00,2019314N14136,KALMAEGI,2019-11-20 06:00:00,2019.0,16.5,120.786,18.00554,997.0
2019-11-20 12:00:00,2019314N14136,KALMAEGI,2019-11-20 12:00:00,2019.0,15.5333,120.033,15.43332,999.0
2019-11-20 18:00:00,2019314N14136,KALMAEGI,2019-11-20 18:00:00,2019.0,14.6,119.1,12.8611,1007.0
2019-11-21 00:00:00,2019314N14136,KALMAEGI,2019-11-21 00:00:00,2019.0,14.0333,118.067,10.28888,1008.0
2019-11-21 06:00:00,2019314N14136,KALMAEGI,2019-11-21 06:00:00,2019.0,13.4667,117.0,10.28888,1005.0
2019-11-21 12:00:00,2019314N14136,KALMAEGI,2019-11-21 12:00:00,2019.0,12.8455,115.982,10.28888,1007.0
2019-11-21 18:00:00,2019314N14136,KALMAEGI,2019-11-21 18:00:00,2019.0,12.0625,114.95,10.28888,1007.0
2019-11-22 00:00:00,2019314N14136,KALMAEGI,2019-11-22 00:00:00,2019.0,11.32,114.0,10.28888,1008.0
2019-11-22 06:00:00,2019314N14136,KALMAEGI,2019-11-22 06:00:00,2019.0,10.5,112.9,10.28888,1011.0
2019-11-22 12:00:00,2019314N14136,KALMAEGI,2019-11-22 12:00:00,2019.0,9.7,111.5,10.28888,1011.0
2019-11-18 18:00:00,2019322N11144,FUNG-WONG,2019-11-18 18:00:00,2019.0,12.5556,134.967,10.28888,1005.0
2019-11-19 00:00:00,2019322N11144,FUNG-WONG,2019-11-19 00:00:00,2019.0,13.0818,132.955,10.28888,1005.0
2019-11-19 06:00:00,2019322N11144,FUNG-WONG,2019-11-19 06:00:00,2019.0,13.9667,131.1,12.8611,1006.0
2019-11-19 12:00:00,2019322N11144,FUNG-WONG,2019-11-19 12:00:00,2019.0,14.6333,129.833,15.43332,1005.0
2019-11-19 18:00:00,2019322N11144,FUNG-WONG,2019-11-19 18:00:00,2019.0,15.2692,128.892,15.43332,1004.0
2019-11-20 00:00:00,2019322N11144,FUNG-WONG,2019-11-20 00:00:00,2019.0,16.2067,128.16,15.43332,1007.0
2019-11-20 06:00:00,2019322N11144,FUNG-WONG,2019-11-20 06:00:00,2019.0,17.625,127.275,18.00554,1004.0
2019-11-20 12:00:00,2019322N11144,FUNG-WONG,2019-11-20 12:00:00,2019.0,18.75,126.125,23.14998,994.0
2019-11-20 18:00:00,2019322N11144,FUNG-WONG,2019-11-20 18:00:00,2019.0,19.575,125.35,28.29442,990.0
2019-11-21 00:00:00,2019322N11144,FUNG-WONG,2019-11-21 00:00:00,2019.0,20.075,124.8,33.43886,988.0
2019-11-21 06:00:00,2019322N11144,FUNG-WONG,2019-11-21 06:00:00,2019.0,20.575,124.325,33.43886,989.0
2019-11-21 12:00:00,2019322N11144,FUNG-WONG,2019-11-21 12:00:00,2019.0,21.3,124.25,30.86664,991.0
2019-11-21 18:00:00,2019322N11144,FUNG-WONG,2019-11-21 18:00:00,2019.0,22.1,124.325,30.86664,992.0
2019-11-22 00:00:00,2019322N11144,FUNG-WONG,2019-11-22 00:00:00,2019.0,22.975,124.875,28.29442,997.0
2019-11-22 06:00:00,2019322N11144,FUNG-WONG,2019-11-22 06:00:00,2019.0,23.825,125.2,23.14998,1002.0
2019-11-22 12:00:00,2019322N11144,FUNG-WONG,2019-11-22 12:00:00,2019.0,24.5714,125.386,15.43332,1008.0
2019-11-22 18:00:00,2019322N11144,FUNG-WONG,2019-11-22 18:00:00,2019.0,25.0,125.4,15.43332,1005.0
2019-11-23 00:00:00,2019322N11144,FUNG-WONG,2019-11-23 00:00:00,2019.0,25.1667,125.567,12.8611,1010.0
2019-11-23 06:00:00,2019322N11144,FUNG-WONG,2019-11-23 06:00:00,2019.0,25.3364,125.7,10.28888,1012.0
2019-11-23 12:00:00,2019322N11144,FUNG-WONG,2019-11-23 12:00:00,2019.0,25.9444,125.944,10.28888,1012.0
2019-11-25 12:00:00,2019329N09160,KAMMURI,2019-11-25 12:00:00,2019.0,9.61667,153.25,10.28888,1003.0
2019-11-25 18:00:00,2019329N09160,KAMMURI,2019-11-25 18:00:00,2019.0,9.96364,151.255,12.8611,1002.0
2019-11-26 00:00:00,2019329N09160,KAMMURI,2019-11-26 00:00:00,2019.0,10.5133,149.473,15.43332,1001.0
2019-11-26 06:00:00,2019329N09160,KAMMURI,2019-11-26 06:00:00,2019.0,11.05,147.35,18.00554,996.0
2019-11-26 12:00:00,2019329N09160,KAMMURI,2019-11-26 12:00:00,2019.0,11.475,145.375,18.00554,998.0
2019-11-26 18:00:00,2019329N09160,KAMMURI,2019-11-26 18:00:00,2019.0,11.575,143.65,20.57776,993.0
2019-11-27 00:00:00,2019329N09160,KAMMURI,2019-11-27 00:00:00,2019.0,11.35,142.175,23.14998,993.0
2019-11-27 06:00:00,2019329N09160,KAMMURI,2019-11-27 06:00:00,2019.0,11.45,141.025,28.29442,982.0
2019-11-27 12:00:00,2019329N09160,KAMMURI,2019-11-27 12:00:00,2019.0,11.5,140.1,30.86664,981.0
2019-11-27 18:00:00,2019329N09160,KAMMURI,2019-11-27 18:00:00,2019.0,11.775,139.475,33.43886,978.0
2019-11-28 00:00:00,2019329N09160,KAMMURI,2019-11-28 00:00:00,2019.0,12.075,138.925,36.01108,975.0
2019-11-28 06:00:00,2019329N09160,KAMMURI,2019-11-28 06:00:00,2019.0,12.675,138.65,36.01108,979.0
2019-11-28 12:00:00,2019329N09160,KAMMURI,2019-11-28 12:00:00,2019.0,13.5,138.45,36.01108,979.0
2019-11-28 18:00:00,2019329N09160,KAMMURI,2019-11-28 18:00:00,2019.0,14.125,138.375,36.01108,976.0
2019-11-29 00:00:00,2019329N09160,KAMMURI,2019-11-29 00:00:00,2019.0,14.275,138.0,33.43886,981.0
2019-11-29 06:00:00,2019329N09160,KAMMURI,2019-11-29 06:00:00,2019.0,14.275,137.625,30.86664,983.0
2019-11-29 12:00:00,2019329N09160,KAMMURI,2019-11-29 12:00:00,2019.0,14.15,137.175,30.86664,982.0
2019-11-29 18:00:00,2019329N09160,KAMMURI,2019-11-29 18:00:00,2019.0,13.975,136.575,30.86664,983.0
2019-11-30 00:00:00,2019329N09160,KAMMURI,2019-11-30 00:00:00,2019.0,13.75,135.85,33.43886,979.0
2019-11-30 06:00:00,2019329N09160,KAMMURI,2019-11-30 06:00:00,2019.0,13.55,134.975,33.43886,979.0
2019-11-30 12:00:00,2019329N09160,KAMMURI,2019-11-30 12:00:00,2019.0,13.325,133.65,33.43886,980.0
2019-11-30 18:00:00,2019329N09160,KAMMURI,2019-11-30 18:00:00,2019.0,13.25,132.35,33.43886,980.0
2019-12-01 00:00:00,2019329N09160,KAMMURI,2019-12-01 00:00:00,2019.0,13.2,131.075,30.86664,983.0
2019-12-01 06:00:00,2019329N09160,KAMMURI,2019-12-01 06:00:00,2019.0,13.175,130.05,30.86664,985.0
2019-12-01 12:00:00,2019329N09160,KAMMURI,2019-12-01 12:00:00,2019.0,13.1,129.05,33.43886,983.0
2019-12-01 18:00:00,2019329N09160,KAMMURI,2019-12-01 18:00:00,2019.0,13.05,127.725,41.15552,972.0
2019-12-02 00:00:00,2019329N09160,KAMMURI,2019-12-02 00:00:00,2019.0,12.925,126.575,48.87218,960.0
2019-12-02 06:00:00,2019329N09160,KAMMURI,2019-12-02 06:00:00,2019.0,12.975,125.625,59.16106,942.0
2019-12-02 12:00:00,2019329N09160,KAMMURI,2019-12-02 12:00:00,2019.0,12.95,124.675,61.73328,938.0
2019-12-02 18:00:00,2019329N09160,KAMMURI,2019-12-02 18:00:00,2019.0,13.1,123.45,59.16106,943.0
2019-12-03 00:00:00,2019329N09160,KAMMURI,2019-12-03 00:00:00,2019.0,13.175,122.2,54.01662,953.0
2019-12-03 06:00:00,2019329N09160,KAMMURI,2019-12-03 06:00:00,2019.0,13.25,120.95,46.29996,965.0
2019-12-03 12:00:00,2019329N09160,KAMMURI,2019-12-03 12:00:00,2019.0,13.4,119.85,41.15552,974.0
2019-12-03 18:00:00,2019329N09160,KAMMURI,2019-12-03 18:00:00,2019.0,13.8,118.8,30.86664,987.0
2019-12-04 00:00:00,2019329N09160,KAMMURI,2019-12-04 00:00:00,2019.0,14.075,117.875,28.29442,993.0
2019-12-04 06:00:00,2019329N09160,KAMMURI,2019-12-04 06:00:00,2019.0,14.275,117.05,25.7222,993.0
2019-12-04 12:00:00,2019329N09160,KAMMURI,2019-12-04 12:00:00,2019.0,14.475,116.275,20.57776,1001.0
2019-12-04 18:00:00,2019329N09160,KAMMURI,2019-12-04 18:00:00,2019.0,14.625,115.375,18.00554,1000.0
2019-12-05 00:00:00,2019329N09160,KAMMURI,2019-12-05 00:00:00,2019.0,14.4,114.375,15.43332,1004.0
2019-12-05 06:00:00,2019329N09160,KAMMURI,2019-12-05 06:00:00,2019.0,13.8,113.714,15.43332,1004.0
2019-12-05 12:00:00,2019329N09160,KAMMURI,2019-12-05 12:00:00,2019.0,13.0333,113.333,15.43332,1004.0
2019-12-05 18:00:00,2019329N09160,KAMMURI,2019-12-05 18:00:00,2019.0,12.22,113.24,12.8611,1007.0
2019-12-06 00:00:00,2019329N09160,KAMMURI,2019-12-06 00:00:00,2019.0,11.1,113.383,10.28888,1010.0
2019-12-19 12:00:00,2019354N05151,PHANFONE,2019-12-19 12:00:00,2019.0,4.95,151.4,7.71666,1010.0
2019-12-19 18:00:00,2019354N05151,PHANFONE,2019-12-19 18:00:00,2019.0,4.75,150.1,7.71666,1010.0
2019-12-20 00:00:00,2019354N05151,PHANFONE,2019-12-20 00:00:00,2019.0,4.72222,148.822,7.71666,1005.0
2019-12-20 06:00:00,2019354N05151,PHANFONE,2019-12-20 06:00:00,2019.0,4.81818,147.509,7.71666,1007.0
2019-12-20 12:00:00,2019354N05151,PHANFONE,2019-12-20 12:00:00,2019.0,4.86667,146.133,7.71666,1007.0
2019-12-20 18:00:00,2019354N05151,PHANFONE,2019-12-20 18:00:00,2019.0,4.83333,144.7,10.28888,1005.0
2019-12-21 00:00:00,2019354N05151,PHANFONE,2019-12-21 00:00:00,2019.0,4.86667,143.5,10.28888,1005.0
2019-12-21 06:00:00,2019354N05151,PHANFONE,2019-12-21 06:00:00,2019.0,5.26667,142.467,10.28888,1005.0
2019-12-21 12:00:00,2019354N05151,PHANFONE,2019-12-21 12:00:00,2019.0,5.83333,141.2,12.8611,1004.0
2019-12-21 18:00:00,2019354N05151,PHANFONE,2019-12-21 18:00:00,2019.0,6.4,140.262,15.43332,1002.0
2019-12-22 00:00:00,2019354N05151,PHANFONE,2019-12-22 00:00:00,2019.0,6.94667,139.233,15.43332,1001.0
2019-12-22 06:00:00,2019354N05151,PHANFONE,2019-12-22 06:00:00,2019.0,7.6,138.1,18.00554,999.0
2019-12-22 12:00:00,2019354N05151,PHANFONE,2019-12-22 12:00:00,2019.0,8.525,136.75,18.00554,1003.0
2019-12-22 18:00:00,2019354N05151,PHANFONE,2019-12-22 18:00:00,2019.0,9.05,135.15,18.00554,1004.0
2019-12-23 00:00:00,2019354N05151,PHANFONE,2019-12-23 00:00:00,2019.0,9.575,133.6,20.57776,1001.0
2019-12-23 06:00:00,2019354N05151,PHANFONE,2019-12-23 06:00:00,2019.0,10.1,132.0,23.14998,1001.0
2019-12-23 12:00:00,2019354N05151,PHANFONE,2019-12-23 12:00:00,2019.0,10.475,130.875,25.7222,998.0
2019-12-23 18:00:00,2019354N05151,PHANFONE,2019-12-23 18:00:00,2019.0,10.7,129.375,33.43886,989.0
2019-12-24 00:00:00,2019354N05151,PHANFONE,2019-12-24 00:00:00,2019.0,10.75,127.875,38.5833,984.0
2019-12-24 06:00:00,2019354N05151,PHANFONE,2019-12-24 06:00:00,2019.0,10.975,126.325,43.72774,977.0
2019-12-24 12:00:00,2019354N05151,PHANFONE,2019-12-24 12:00:00,2019.0,11.375,124.9,46.29996,972.0
2019-12-24 18:00:00,2019354N05151,PHANFONE,2019-12-24 18:00:00,2019.0,11.725,123.425,48.87218,966.0
2019-12-25 00:00:00,2019354N05151,PHANFONE,2019-12-25 00:00:00,2019.0,11.85,122.375,54.01662,958.0
2019-12-25 06:00:00,2019354N05151,PHANFONE,2019-12-25 06:00:00,2019.0,12.175,121.35,54.01662,958.0
2019-12-25 12:00:00,2019354N05151,PHANFONE,2019-12-25 12:00:00,2019.0,12.6,120.1,51.4444,964.0
2019-12-25 18:00:00,2019354N05151,PHANFONE,2019-12-25 18:00:00,2019.0,12.825,119.3,46.29996,972.0
2019-12-26 00:00:00,2019354N05151,PHANFONE,2019-12-26 00:00:00,2019.0,13.1,118.575,43.72774,976.0
2019-12-26 06:00:00,2019354N05151,PHANFONE,2019-12-26 06:00:00,2019.0,13.425,118.0,43.72774,974.0
2019-12-26 12:00:00,2019354N05151,PHANFONE,2019-12-26 12:00:00,2019.0,13.9,117.7,41.15552,978.0
2019-12-26 18:00:00,2019354N05151,PHANFONE,2019-12-26 18:00:00,2019.0,14.325,117.25,38.5833,982.0
2019-12-27 00:00:00,2019354N05151,PHANFONE,2019-12-27 00:00:00,2019.0,14.625,116.975,33.43886,988.0
2019-12-27 06:00:00,2019354N05151,PHANFONE,2019-12-27 06:00:00,2019.0,14.85,116.6,28.29442,994.0
2019-12-27 12:00:00,2019354N05151,PHANFONE,2019-12-27 12:00:00,2019.0,14.8,116.175,25.7222,998.0
2019-12-27 18:00:00,2019354N05151,PHANFONE,2019-12-27 18:00:00,2019.0,14.65,115.75,23.14998,999.0
2019-12-28 00:00:00,2019354N05151,PHANFONE,2019-12-28 00:00:00,2019.0,14.45,115.15,18.00554,1005.0
2019-12-28 06:00:00,2019354N05151,PHANFONE,2019-12-28 06:00:00,2019.0,14.4429,113.929,15.43332,1006.0
2019-12-28 12:00:00,2019354N05151,PHANFONE,2019-12-28 12:00:00,2019.0,14.4,112.967,12.8611,1009.0
2019-12-28 18:00:00,2019354N05151,PHANFONE,2019-12-28 18:00:00,2019.0,14.51,112.13,10.28888,1011.0
2019-12-29 00:00:00,2019354N05151,PHANFONE,2019-12-29 00:00:00,2019.0,14.56,111.64,10.28888,1010.0
2019-12-29 06:00:00,2019354N05151,PHANFONE,2019-12-29 06:00:00,2019.0,14.5,111.2,10.28888,1011.0
2020-05-08 06:00:00,2020129N07134,VONGFONG,2020-05-08 06:00:00,2020.0,7.0,133.95,7.71666,1009.0
2020-05-08 12:00:00,2020129N07134,VONGFONG,2020-05-08 12:00:00,2020.0,6.8,133.65,7.71666,1009.0
2020-05-08 18:00:00,2020129N07134,VONGFONG,2020-05-08 18:00:00,2020.0,6.55,133.2,7.71666,1008.0
2020-05-09 00:00:00,2020129N07134,VONGFONG,2020-05-09 00:00:00,2020.0,6.5,132.933,7.71666,1008.0
2020-05-09 06:00:00,2020129N07134,VONGFONG,2020-05-09 06:00:00,2020.0,6.62727,132.609,7.71666,1007.0
2020-05-09 12:00:00,2020129N07134,VONGFONG,2020-05-09 12:00:00,2020.0,6.93333,132.267,7.71666,1007.0
2020-05-09 18:00:00,2020129N07134,VONGFONG,2020-05-09 18:00:00,2020.0,7.16667,131.933,10.28888,1006.0
2020-05-10 00:00:00,2020129N07134,VONGFONG,2020-05-10 00:00:00,2020.0,7.5,131.367,10.28888,1006.0
2020-05-10 06:00:00,2020129N07134,VONGFONG,2020-05-10 06:00:00,2020.0,7.77692,130.808,10.28888,1006.0
2020-05-10 12:00:00,2020129N07134,VONGFONG,2020-05-10 12:00:00,2020.0,8.05333,130.433,10.28888,1006.0
2020-05-10 18:00:00,2020129N07134,VONGFONG,2020-05-10 18:00:00,2020.0,8.275,129.975,10.28888,1006.0
2020-05-11 00:00:00,2020129N07134,VONGFONG,2020-05-11 00:00:00,2020.0,8.375,129.65,10.28888,1006.0
2020-05-11 06:00:00,2020129N07134,VONGFONG,2020-05-11 06:00:00,2020.0,8.7,129.35,10.28888,1006.0
2020-05-11 12:00:00,2020129N07134,VONGFONG,2020-05-11 12:00:00,2020.0,9.025,129.125,10.28888,1006.0
2020-05-11 18:00:00,2020129N07134,VONGFONG,2020-05-11 18:00:00,2020.0,9.525,129.075,12.8611,1004.0
2020-05-12 00:00:00,2020129N07134,VONGFONG,2020-05-12 00:00:00,2020.0,10.15,129.25,15.43332,1003.0
2020-05-12 06:00:00,2020129N07134,VONGFONG,2020-05-12 06:00:00,2020.0,10.75,129.475,15.43332,1002.0
2020-05-12 12:00:00,2020129N07134,VONGFONG,2020-05-12 12:00:00,2020.0,11.275,129.475,18.00554,1003.0
2020-05-12 18:00:00,2020129N07134,VONGFONG,2020-05-12 18:00:00,2020.0,11.725,129.2,25.7222,996.0
2020-05-13 00:00:00,2020129N07134,VONGFONG,2020-05-13 00:00:00,2020.0,11.875,128.875,30.86664,992.0
2020-05-13 06:00:00,2020129N07134,VONGFONG,2020-05-13 06:00:00,2020.0,12.025,128.45,33.43886,985.0
2020-05-13 12:00:00,2020129N07134,VONGFONG,2020-05-13 12:00:00,2020.0,12.15,127.825,46.29996,970.0
2020-05-13 18:00:00,2020129N07134,VONGFONG,2020-05-13 18:00:00,2020.0,12.175,127.0,51.4444,961.0
2020-05-14 00:00:00,2020129N07134,VONGFONG,2020-05-14 00:00:00,2020.0,12.125,126.2,48.87218,966.0
2020-05-14 06:00:00,2020129N07134,VONGFONG,2020-05-14 06:00:00,2020.0,12.2,125.3,51.4444,962.0
2020-05-14 12:00:00,2020129N07134,VONGFONG,2020-05-14 12:00:00,2020.0,12.35,124.5,43.72774,974.0
2020-05-14 18:00:00,2020129N07134,VONGFONG,2020-05-14 18:00:00,2020.0,12.65,123.6,33.43886,987.0
2020-05-15 00:00:00,2020129N07134,VONGFONG,2020-05-15 00:00:00,2020.0,13.3,122.725,33.43886,987.0
2020-05-15 06:00:00,2020129N07134,VONGFONG,2020-05-15 06:00:00,2020.0,14.0,121.925,30.86664,990.0
2020-05-15 12:00:00,2020129N07134,VONGFONG,2020-05-15 12:00:00,2020.0,14.975,121.325,28.29442,993.0
2020-05-15 18:00:00,2020129N07134,VONGFONG,2020-05-15 18:00:00,2020.0,16.075,120.775,20.57776,1001.0
2020-05-16 00:00:00,2020129N07134,VONGFONG,2020-05-16 00:00:00,2020.0,17.4,120.1,20.57776,998.0
2020-05-16 06:00:00,2020129N07134,VONGFONG,2020-05-16 06:00:00,2020.0,18.425,119.9,12.8611,1005.0
2020-05-16 12:00:00,2020129N07134,VONGFONG,2020-05-16 12:00:00,2020.0,19.125,119.85,10.28888,1006.0
2020-05-16 18:00:00,2020129N07134,VONGFONG,2020-05-16 18:00:00,2020.0,19.9571,119.886,10.28888,1005.0
2020-05-17 00:00:00,2020129N07134,VONGFONG,2020-05-17 00:00:00,2020.0,20.6,120.091,7.71666,1006.0
2020-05-17 06:00:00,2020129N07134,VONGFONG,2020-05-17 06:00:00,2020.0,21.3333,121.056,7.71666,1007.0
2020-07-31 06:00:00,2020213N15131,HAGUPIT,2020-07-31 06:00:00,2020.0,17.16,130.16,7.71666,1007.0
2020-07-31 12:00:00,2020213N15131,HAGUPIT,2020-07-31 12:00:00,2020.0,17.6571,129.7,10.28888,1007.0
2020-07-31 18:00:00,2020213N15131,HAGUPIT,2020-07-31 18:00:00,2020.0,18.6778,129.5,12.8611,1006.0
2020-08-01 00:00:00,2020213N15131,HAGUPIT,2020-08-01 00:00:00,2020.0,19.9917,128.883,15.43332,1004.0
2020-08-01 06:00:00,2020213N15131,HAGUPIT,2020-08-01 06:00:00,2020.0,20.8667,127.867,15.43332,1004.0
2020-08-01 12:00:00,2020213N15131,HAGUPIT,2020-08-01 12:00:00,2020.0,21.35,127.025,15.43332,1005.0
2020-08-01 18:00:00,2020213N15131,HAGUPIT,2020-08-01 18:00:00,2020.0,21.975,126.0,18.00554,1003.0
2020-08-02 00:00:00,2020213N15131,HAGUPIT,2020-08-02 00:00:00,2020.0,22.525,125.15,18.00554,1005.0
2020-08-02 06:00:00,2020213N15131,HAGUPIT,2020-08-02 06:00:00,2020.0,23.1,124.55,20.57776,1000.0
2020-08-02 12:00:00,2020213N15131,HAGUPIT,2020-08-02 12:00:00,2020.0,23.625,124.2,23.14998,995.0
2020-08-02 18:00:00,2020213N15131,HAGUPIT,2020-08-02 18:00:00,2020.0,24.2,123.875,28.29442,987.0
2020-08-03 00:00:00,2020213N15131,HAGUPIT,2020-08-03 00:00:00,2020.0,24.975,123.425,30.86664,983.0
2020-08-03 06:00:00,2020213N15131,HAGUPIT,2020-08-03 06:00:00,2020.0,26.2,122.525,36.01108,977.0
2020-08-03 12:00:00,2020213N15131,HAGUPIT,2020-08-03 12:00:00,2020.0,26.8,121.75,38.5833,971.0
2020-08-03 18:00:00,2020213N15131,HAGUPIT,2020-08-03 18:00:00,2020.0,27.75,121.15,38.5833,971.0
2020-08-04 00:00:00,2020213N15131,HAGUPIT,2020-08-04 00:00:00,2020.0,28.625,120.625,25.7222,986.0
2020-08-04 06:00:00,2020213N15131,HAGUPIT,2020-08-04 06:00:00,2020.0,29.6,120.425,15.43332,993.0
2020-08-04 12:00:00,2020213N15131,HAGUPIT,2020-08-04 12:00:00,2020.0,30.775,120.35,12.8611,998.0
2020-08-04 18:00:00,2020213N15131,HAGUPIT,2020-08-04 18:00:00,2020.0,32.4,120.575,12.8611,1000.0
2020-08-05 00:00:00,2020213N15131,HAGUPIT,2020-08-05 00:00:00,2020.0,34.0467,120.8,10.28888,1002.0
2020-08-05 06:00:00,2020213N15131,HAGUPIT,2020-08-05 06:00:00,2020.0,35.1385,121.431,10.28888,998.0
2020-08-05 12:00:00,2020213N15131,HAGUPIT,2020-08-05 12:00:00,2020.0,36.5,122.633,10.28888,998.0
2020-08-05 18:00:00,2020213N15131,HAGUPIT,2020-08-05 18:00:00,2020.0,38.0636,124.945,7.71666,1000.0
2020-08-06 00:00:00,2020213N15131,HAGUPIT,2020-08-06 00:00:00,2020.0,39.4889,128.244,12.8611,995.0
2020-08-08 12:00:00,2020222N15117,MEKKHALA,2020-08-08 12:00:00,2020.0,14.9,117.3,7.71666,1010.0
2020-08-08 18:00:00,2020222N15117,MEKKHALA,2020-08-08 18:00:00,2020.0,15.0,117.8,10.28888,1005.0
2020-08-09 00:00:00,2020222N15117,MEKKHALA,2020-08-09 00:00:00,2020.0,15.25,118.017,10.28888,1001.0
2020-08-09 06:00:00,2020222N15117,MEKKHALA,2020-08-09 06:00:00,2020.0,15.96,118.24,12.8611,999.0
2020-08-09 12:00:00,2020222N15117,MEKKHALA,2020-08-09 12:00:00,2020.0,16.9231,118.446,15.43332,998.0
2020-08-09 18:00:00,2020222N15117,MEKKHALA,2020-08-09 18:00:00,2020.0,18.02,118.547,15.43332,997.0
2020-08-10 00:00:00,2020222N15117,MEKKHALA,2020-08-10 00:00:00,2020.0,19.15,118.575,18.00554,996.0
2020-08-10 06:00:00,2020222N15117,MEKKHALA,2020-08-10 06:00:00,2020.0,20.35,118.625,23.14998,994.0
2020-08-10 12:00:00,2020222N15117,MEKKHALA,2020-08-10 12:00:00,2020.0,21.6,118.525,25.7222,988.0
2020-08-10 18:00:00,2020222N15117,MEKKHALA,2020-08-10 18:00:00,2020.0,22.9,118.25,33.43886,984.0
2020-08-11 00:00:00,2020222N15117,MEKKHALA,2020-08-11 00:00:00,2020.0,24.1538,117.746,36.01108,980.0
2020-08-11 06:00:00,2020222N15117,MEKKHALA,2020-08-11 06:00:00,2020.0,25.4571,117.243,25.7222,993.0
2020-08-11 12:00:00,2020222N15117,MEKKHALA,2020-08-11 12:00:00,2020.0,27.4,116.8,18.00554,1001.0
2020-08-11 18:00:00,2020222N15117,MEKKHALA,2020-08-11 18:00:00,2020.0,28.3,115.9,12.8611,1005.0
2020-08-12 00:00:00,2020222N15117,MEKKHALA,2020-08-12 00:00:00,2020.0,28.7,114.6,10.28888,1007.0
2020-08-21 00:00:00,2020234N19123,BAVI,2020-08-21 00:00:00,2020.0,20.3,123.02,10.28888,1005.0
2020-08-21 06:00:00,2020234N19123,BAVI,2020-08-21 06:00:00,2020.0,21.24,122.99,10.28888,1005.0
2020-08-21 12:00:00,2020234N19123,BAVI,2020-08-21 12:00:00,2020.0,22.0,122.862,12.8611,1005.0
2020-08-21 18:00:00,2020234N19123,BAVI,2020-08-21 18:00:00,2020.0,22.7933,122.773,15.43332,1002.0
2020-08-22 00:00:00,2020234N19123,BAVI,2020-08-22 00:00:00,2020.0,23.35,122.7,18.00554,1002.0
2020-08-22 06:00:00,2020234N19123,BAVI,2020-08-22 06:00:00,2020.0,24.3,123.3,20.57776,998.0
2020-08-22 12:00:00,2020234N19123,BAVI,2020-08-22 12:00:00,2020.0,25.275,123.8,23.14998,995.0
2020-08-22 18:00:00,2020234N19123,BAVI,2020-08-22 18:00:00,2020.0,25.8,123.725,25.7222,991.0
2020-08-23 00:00:00,2020234N19123,BAVI,2020-08-23 00:00:00,2020.0,26.35,123.925,28.29442,987.0
2020-08-23 06:00:00,2020234N19123,BAVI,2020-08-23 06:00:00,2020.0,26.7,124.4,30.86664,980.0
2020-08-23 12:00:00,2020234N19123,BAVI,2020-08-23 12:00:00,2020.0,26.95,125.025,30.86664,980.0
2020-08-23 18:00:00,2020234N19123,BAVI,2020-08-23 18:00:00,2020.0,27.15,125.525,33.43886,976.0
2020-08-24 00:00:00,2020234N19123,BAVI,2020-08-24 00:00:00,2020.0,27.35,126.175,36.01108,972.0
2020-08-24 06:00:00,2020234N19123,BAVI,2020-08-24 06:00:00,2020.0,27.875,126.5,38.5833,964.0
2020-08-24 12:00:00,2020234N19123,BAVI,2020-08-24 12:00:00,2020.0,28.35,126.2,43.72774,957.0
2020-08-24 18:00:00,2020234N19123,BAVI,2020-08-24 18:00:00,2020.0,28.65,126.0,43.72774,957.0
2020-08-25 00:00:00,2020234N19123,BAVI,2020-08-25 00:00:00,2020.0,29.175,125.7,46.29996,954.0
2020-08-25 06:00:00,2020234N19123,BAVI,2020-08-25 06:00:00,2020.0,29.85,125.4,48.87218,950.0
2020-08-25 12:00:00,2020234N19123,BAVI,2020-08-25 12:00:00,2020.0,30.575,125.125,48.87218,948.0
2020-08-25 18:00:00,2020234N19123,BAVI,2020-08-25 18:00:00,2020.0,31.4,124.725,51.4444,943.0
2020-08-26 00:00:00,2020234N19123,BAVI,2020-08-26 00:00:00,2020.0,32.35,124.5,51.4444,942.0
2020-08-26 06:00:00,2020234N19123,BAVI,2020-08-26 06:00:00,2020.0,33.55,124.35,48.87218,945.0
2020-08-26 12:00:00,2020234N19123,BAVI,2020-08-26 12:00:00,2020.0,35.025,124.375,46.29996,949.0
2020-08-26 18:00:00,2020234N19123,BAVI,2020-08-26 18:00:00,2020.0,37.025,124.8,41.15552,955.0
2020-08-27 00:00:00,2020234N19123,BAVI,2020-08-27 00:00:00,2020.0,39.24,124.807,33.43886,966.0
2020-08-27 06:00:00,2020234N19123,BAVI,2020-08-27 06:00:00,2020.0,41.9667,125.408,20.57776,980.0
2020-08-27 12:00:00,2020234N19123,BAVI,2020-08-27 12:00:00,2020.0,44.0,126.2,10.28888,989.0
2020-08-26 00:00:00,2020239N13134,MAYSAK,2020-08-26 00:00:00,2020.0,12.8,133.9,5.14444,1014.0
2020-08-26 06:00:00,2020239N13134,MAYSAK,2020-08-26 06:00:00,2020.0,13.3,133.5,5.14444,1014.0
2020-08-26 12:00:00,2020239N13134,MAYSAK,2020-08-26 12:00:00,2020.0,13.7,132.8,5.14444,1014.0
2020-08-26 18:00:00,2020239N13134,MAYSAK,2020-08-26 18:00:00,2020.0,13.8,132.4,7.71666,1008.0
2020-08-27 00:00:00,2020239N13134,MAYSAK,2020-08-27 00:00:00,2020.0,14.48,132.06,7.71666,1006.0
2020-08-27 06:00:00,2020239N13134,MAYSAK,2020-08-27 06:00:00,2020.0,15.2857,131.986,7.71666,1005.0
2020-08-27 12:00:00,2020239N13134,MAYSAK,2020-08-27 12:00:00,2020.0,15.9,131.7,7.71666,1005.0
2020-08-27 18:00:00,2020239N13134,MAYSAK,2020-08-27 18:00:00,2020.0,16.5,131.35,10.28888,1002.0
2020-08-28 00:00:00,2020239N13134,MAYSAK,2020-08-28 00:00:00,2020.0,16.96,130.78,12.8611,1001.0
2020-08-28 06:00:00,2020239N13134,MAYSAK,2020-08-28 06:00:00,2020.0,16.9286,130.164,15.43332,999.0
2020-08-28 12:00:00,2020239N13134,MAYSAK,2020-08-28 12:00:00,2020.0,16.625,129.85,20.57776,996.0
2020-08-28 18:00:00,2020239N13134,MAYSAK,2020-08-28 18:00:00,2020.0,16.45,129.6,23.14998,990.0
2020-08-29 00:00:00,2020239N13134,MAYSAK,2020-08-29 00:00:00,2020.0,16.5,129.4,25.7222,988.0
2020-08-29 06:00:00,2020239N13134,MAYSAK,2020-08-29 06:00:00,2020.0,16.65,129.15,28.29442,984.0
2020-08-29 12:00:00,2020239N13134,MAYSAK,2020-08-29 12:00:00,2020.0,16.875,128.95,28.29442,986.0
2020-08-29 18:00:00,2020239N13134,MAYSAK,2020-08-29 18:00:00,2020.0,17.0,128.9,33.43886,978.0
2020-08-30 00:00:00,2020239N13134,MAYSAK,2020-08-30 00:00:00,2020.0,17.3,128.95,33.43886,977.0
2020-08-30 06:00:00,2020239N13134,MAYSAK,2020-08-30 06:00:00,2020.0,18.425,129.0,38.5833,971.0
2020-08-30 12:00:00,2020239N13134,MAYSAK,2020-08-30 12:00:00,2020.0,19.45,128.95,43.72774,964.0
2020-08-30 18:00:00,2020239N13134,MAYSAK,2020-08-30 18:00:00,2020.0,20.775,128.825,46.29996,958.0
2020-08-31 00:00:00,2020239N13134,MAYSAK,2020-08-31 00:00:00,2020.0,22.45,128.45,48.87218,953.0
2020-08-31 06:00:00,2020239N13134,MAYSAK,2020-08-31 06:00:00,2020.0,24.225,127.575,54.01662,944.0
2020-08-31 12:00:00,2020239N13134,MAYSAK,2020-08-31 12:00:00,2020.0,25.025,127.1,56.588840000000005,939.0
2020-08-31 18:00:00,2020239N13134,MAYSAK,2020-08-31 18:00:00,2020.0,26.075,126.5,59.16106,933.0
2020-09-01 00:00:00,2020239N13134,MAYSAK,2020-09-01 00:00:00,2020.0,26.9,126.0,61.73328,930.0
2020-09-01 06:00:00,2020239N13134,MAYSAK,2020-09-01 06:00:00,2020.0,27.6,126.1,59.16106,930.0
2020-09-01 12:00:00,2020239N13134,MAYSAK,2020-09-01 12:00:00,2020.0,28.4,126.3,56.588840000000005,935.0
2020-09-01 18:00:00,2020239N13134,MAYSAK,2020-09-01 18:00:00,2020.0,29.4,126.575,54.01662,939.0
2020-09-02 00:00:00,2020239N13134,MAYSAK,2020-09-02 00:00:00,2020.0,30.525,126.775,48.87218,948.0
2020-09-02 06:00:00,2020239N13134,MAYSAK,2020-09-02 06:00:00,2020.0,31.7,127.125,43.72774,955.0
2020-09-02 12:00:00,2020239N13134,MAYSAK,2020-09-02 12:00:00,2020.0,33.2,127.9,41.15552,960.0
2020-09-02 18:00:00,2020239N13134,MAYSAK,2020-09-02 18:00:00,2020.0,35.4933,128.867,38.5833,963.0
2020-09-03 00:00:00,2020239N13134,MAYSAK,2020-09-03 00:00:00,2020.0,38.9231,129.592,28.29442,974.0
2020-09-03 06:00:00,2020239N13134,MAYSAK,2020-09-03 06:00:00,2020.0,42.3636,129.1,20.57776,977.0
2020-09-03 12:00:00,2020239N13134,MAYSAK,2020-09-03 12:00:00,2020.0,45.3667,127.144,12.8611,979.0
2020-08-31 06:00:00,2020244N25146,HAISHEN,2020-08-31 06:00:00,2020.0,23.3375,146.3,10.28888,1008.0
2020-08-31 12:00:00,2020244N25146,HAISHEN,2020-08-31 12:00:00,2020.0,22.8,145.982,12.8611,1007.0
2020-08-31 18:00:00,2020244N25146,HAISHEN,2020-08-31 18:00:00,2020.0,22.2,145.5,15.43332,1006.0
2020-09-01 00:00:00,2020244N25146,HAISHEN,2020-09-01 00:00:00,2020.0,21.4769,144.931,18.00554,1002.0
2020-09-01 06:00:00,2020244N25146,HAISHEN,2020-09-01 06:00:00,2020.0,20.92,144.453,20.57776,999.0
2020-09-01 12:00:00,2020244N25146,HAISHEN,2020-09-01 12:00:00,2020.0,20.425,144.0,23.14998,997.0
2020-09-01 18:00:00,2020244N25146,HAISHEN,2020-09-01 18:00:00,2020.0,19.9,143.425,23.14998,997.0
2020-09-02 00:00:00,2020244N25146,HAISHEN,2020-09-02 00:00:00,2020.0,19.375,142.375,30.86664,990.0
2020-09-02 06:00:00,2020244N25146,HAISHEN,2020-09-02 06:00:00,2020.0,19.325,141.375,33.43886,985.0
2020-09-02 12:00:00,2020244N25146,HAISHEN,2020-09-02 12:00:00,2020.0,19.6,140.4,33.43886,988.0
2020-09-02 18:00:00,2020244N25146,HAISHEN,2020-09-02 18:00:00,2020.0,19.95,139.4,38.5833,980.0
2020-09-03 00:00:00,2020244N25146,HAISHEN,2020-09-03 00:00:00,2020.0,20.2,138.425,46.29996,968.0
2020-09-03 06:00:00,2020244N25146,HAISHEN,2020-09-03 06:00:00,2020.0,20.6,137.55,51.4444,955.0
2020-09-03 12:00:00,2020244N25146,HAISHEN,2020-09-03 12:00:00,2020.0,20.975,136.575,59.16106,944.0
2020-09-03 18:00:00,2020244N25146,HAISHEN,2020-09-03 18:00:00,2020.0,21.25,135.8,64.3055,934.0
2020-09-04 00:00:00,2020244N25146,HAISHEN,2020-09-04 00:00:00,2020.0,21.75,135.1,66.87772,926.0
2020-09-04 06:00:00,2020244N25146,HAISHEN,2020-09-04 06:00:00,2020.0,22.225,134.275,69.44994,915.0
2020-09-04 12:00:00,2020244N25146,HAISHEN,2020-09-04 12:00:00,2020.0,22.7,133.5,69.44994,916.0
2020-09-04 18:00:00,2020244N25146,HAISHEN,2020-09-04 18:00:00,2020.0,23.25,132.6,69.44994,913.0
2020-09-05 00:00:00,2020244N25146,HAISHEN,2020-09-05 00:00:00,2020.0,23.975,132.0,66.87772,920.0
2020-09-05 06:00:00,2020244N25146,HAISHEN,2020-09-05 06:00:00,2020.0,24.7,131.45,64.3055,922.0
2020-09-05 12:00:00,2020244N25146,HAISHEN,2020-09-05 12:00:00,2020.0,25.425,131.0,59.16106,931.0
2020-09-05 18:00:00,2020244N25146,HAISHEN,2020-09-05 18:00:00,2020.0,26.375,130.825,56.588840000000005,934.0
2020-09-06 00:00:00,2020244N25146,HAISHEN,2020-09-06 00:00:00,2020.0,27.7,130.475,54.01662,936.0
2020-09-06 06:00:00,2020244N25146,HAISHEN,2020-09-06 06:00:00,2020.0,29.4,130.05,51.4444,944.0
2020-09-06 12:00:00,2020244N25146,HAISHEN,2020-09-06 12:00:00,2020.0,31.025,129.425,48.87218,945.0
2020-09-06 18:00:00,2020244N25146,HAISHEN,2020-09-06 18:00:00,2020.0,33.0,129.1,43.72774,952.0
2020-09-07 00:00:00,2020244N25146,HAISHEN,2020-09-07 00:00:00,2020.0,35.5,129.15,38.5833,958.0
2020-09-07 06:00:00,2020244N25146,HAISHEN,2020-09-07 06:00:00,2020.0,38.4267,129.033,28.29442,973.0
2020-09-07 12:00:00,2020244N25146,HAISHEN,2020-09-07 12:00:00,2020.0,39.9833,128.875,20.57776,981.0
2020-09-07 18:00:00,2020244N25146,HAISHEN,2020-09-07 18:00:00,2020.0,42.4556,128.744,12.8611,982.0
2020-09-26 06:00:00,2020270N17159,KUJIRA,2020-09-26 06:00:00,2020.0,18.6125,159.45,10.28888,1006.0
2020-09-26 12:00:00,2020270N17159,KUJIRA,2020-09-26 12:00:00,2020.0,19.2083,159.65,10.28888,1006.0
2020-09-26 18:00:00,2020270N17159,KUJIRA,2020-09-26 18:00:00,2020.0,19.9933,159.427,12.8611,1005.0
2020-09-27 00:00:00,2020270N17159,KUJIRA,2020-09-27 00:00:00,2020.0,20.725,158.8,15.43332,1004.0
2020-09-27 06:00:00,2020270N17159,KUJIRA,2020-09-27 06:00:00,2020.0,21.85,157.625,15.43332,1002.0
2020-09-27 12:00:00,2020270N17159,KUJIRA,2020-09-27 12:00:00,2020.0,23.3,156.575,18.00554,1000.0
2020-09-27 18:00:00,2020270N17159,KUJIRA,2020-09-27 18:00:00,2020.0,24.95,155.125,18.00554,998.0
2020-09-28 00:00:00,2020270N17159,KUJIRA,2020-09-28 00:00:00,2020.0,26.6,153.725,20.57776,999.0
2020-09-28 06:00:00,2020270N17159,KUJIRA,2020-09-28 06:00:00,2020.0,27.825,153.125,23.14998,993.0
2020-09-28 12:00:00,2020270N17159,KUJIRA,2020-09-28 12:00:00,2020.0,28.875,152.9,23.14998,992.0
2020-09-28 18:00:00,2020270N17159,KUJIRA,2020-09-28 18:00:00,2020.0,30.65,153.275,25.7222,988.0
2020-09-29 00:00:00,2020270N17159,KUJIRA,2020-09-29 00:00:00,2020.0,32.575,154.0,30.86664,980.0
2020-09-29 06:00:00,2020270N17159,KUJIRA,2020-09-29 06:00:00,2020.0,34.725,155.05,33.43886,974.0
2020-09-29 12:00:00,2020270N17159,KUJIRA,2020-09-29 12:00:00,2020.0,36.6,156.35,33.43886,977.0
2020-09-29 18:00:00,2020270N17159,KUJIRA,2020-09-29 18:00:00,2020.0,38.3867,158.293,28.29442,982.0
2020-09-30 00:00:00,2020270N17159,KUJIRA,2020-09-30 00:00:00,2020.0,39.9231,160.546,28.29442,984.0
2020-09-30 06:00:00,2020270N17159,KUJIRA,2020-09-30 06:00:00,2020.0,40.8909,163.064,23.14998,993.0
2020-09-30 12:00:00,2020270N17159,KUJIRA,2020-09-30 12:00:00,2020.0,41.2444,166.322,20.57776,999.0
2020-10-03 06:00:00,2020277N21141,CHAN-HOM,2020-10-03 06:00:00,2020.0,21.0,140.9,5.14444,1010.0
2020-10-03 12:00:00,2020277N21141,CHAN-HOM,2020-10-03 12:00:00,2020.0,21.1,140.8,5.14444,1010.0
2020-10-03 18:00:00,2020277N21141,CHAN-HOM,2020-10-03 18:00:00,2020.0,21.6,140.38,7.71666,1008.0
2020-10-04 00:00:00,2020277N21141,CHAN-HOM,2020-10-04 00:00:00,2020.0,21.7125,140.15,7.71666,1006.0
2020-10-04 06:00:00,2020277N21141,CHAN-HOM,2020-10-04 06:00:00,2020.0,21.8,139.927,10.28888,1003.0
2020-10-04 12:00:00,2020277N21141,CHAN-HOM,2020-10-04 12:00:00,2020.0,22.0333,139.633,10.28888,1004.0
2020-10-04 18:00:00,2020277N21141,CHAN-HOM,2020-10-04 18:00:00,2020.0,22.1077,139.338,12.8611,1002.0
2020-10-05 00:00:00,2020277N21141,CHAN-HOM,2020-10-05 00:00:00,2020.0,22.1533,139.18,12.8611,1002.0
2020-10-05 06:00:00,2020277N21141,CHAN-HOM,2020-10-05 06:00:00,2020.0,22.55,139.2,18.00554,997.0
2020-10-05 12:00:00,2020277N21141,CHAN-HOM,2020-10-05 12:00:00,2020.0,23.0,139.275,18.00554,997.0
2020-10-05 18:00:00,2020277N21141,CHAN-HOM,2020-10-05 18:00:00,2020.0,23.4,139.175,20.57776,993.0
2020-10-06 00:00:00,2020277N21141,CHAN-HOM,2020-10-06 00:00:00,2020.0,23.9,138.625,23.14998,991.0
2020-10-06 06:00:00,2020277N21141,CHAN-HOM,2020-10-06 06:00:00,2020.0,24.125,138.175,25.7222,984.0
2020-10-06 12:00:00,2020277N21141,CHAN-HOM,2020-10-06 12:00:00,2020.0,24.325,137.575,25.7222,983.0
2020-10-06 18:00:00,2020277N21141,CHAN-HOM,2020-10-06 18:00:00,2020.0,24.675,136.775,28.29442,981.0
2020-10-07 00:00:00,2020277N21141,CHAN-HOM,2020-10-07 00:00:00,2020.0,25.075,135.775,30.86664,980.0
2020-10-07 06:00:00,2020277N21141,CHAN-HOM,2020-10-07 06:00:00,2020.0,25.75,134.775,33.43886,976.0
2020-10-07 12:00:00,2020277N21141,CHAN-HOM,2020-10-07 12:00:00,2020.0,26.45,133.75,38.5833,967.0
2020-10-07 18:00:00,2020277N21141,CHAN-HOM,2020-10-07 18:00:00,2020.0,27.225,132.975,41.15552,963.0
2020-10-08 00:00:00,2020277N21141,CHAN-HOM,2020-10-08 00:00:00,2020.0,27.9,132.8,38.5833,964.0
2020-10-08 06:00:00,2020277N21141,CHAN-HOM,2020-10-08 06:00:00,2020.0,28.675,132.9,38.5833,968.0
2020-10-08 12:00:00,2020277N21141,CHAN-HOM,2020-10-08 12:00:00,2020.0,29.375,133.275,41.15552,965.0
2020-10-08 18:00:00,2020277N21141,CHAN-HOM,2020-10-08 18:00:00,2020.0,29.975,133.4,41.15552,965.0
2020-10-09 00:00:00,2020277N21141,CHAN-HOM,2020-10-09 00:00:00,2020.0,30.3,133.45,38.5833,967.0
2020-10-09 06:00:00,2020277N21141,CHAN-HOM,2020-10-09 06:00:00,2020.0,30.6,133.575,36.01108,971.0
2020-10-09 12:00:00,2020277N21141,CHAN-HOM,2020-10-09 12:00:00,2020.0,30.975,134.025,30.86664,981.0
2020-10-09 18:00:00,2020277N21141,CHAN-HOM,2020-10-09 18:00:00,2020.0,31.4,134.775,25.7222,987.0
2020-10-10 00:00:00,2020277N21141,CHAN-HOM,2020-10-10 00:00:00,2020.0,32.0,135.7,25.7222,988.0
2020-10-10 06:00:00,2020277N21141,CHAN-HOM,2020-10-10 06:00:00,2020.0,32.25,136.85,25.7222,988.0
2020-10-10 12:00:00,2020277N21141,CHAN-HOM,2020-10-10 12:00:00,2020.0,32.15,138.1,25.7222,988.0
2020-10-10 18:00:00,2020277N21141,CHAN-HOM,2020-10-10 18:00:00,2020.0,32.15,139.45,23.14998,990.0
2020-10-11 00:00:00,2020277N21141,CHAN-HOM,2020-10-11 00:00:00,2020.0,32.1,140.525,20.57776,994.0
2020-10-11 06:00:00,2020277N21141,CHAN-HOM,2020-10-11 06:00:00,2020.0,31.8267,141.38,20.57776,994.0
2020-10-11 12:00:00,2020277N21141,CHAN-HOM,2020-10-11 12:00:00,2020.0,31.4077,142.038,18.00554,998.0
2020-10-11 18:00:00,2020277N21141,CHAN-HOM,2020-10-11 18:00:00,2020.0,30.8333,142.2,18.00554,991.0
2020-10-12 00:00:00,2020277N21141,CHAN-HOM,2020-10-12 00:00:00,2020.0,30.2333,142.267,12.8611,999.0
2020-10-12 06:00:00,2020277N21141,CHAN-HOM,2020-10-12 06:00:00,2020.0,29.5,142.4,12.8611,1004.0
2020-10-12 12:00:00,2020277N21141,CHAN-HOM,2020-10-12 12:00:00,2020.0,29.0333,142.667,7.71666,1005.0
2020-10-12 18:00:00,2020277N21141,CHAN-HOM,2020-10-12 18:00:00,2020.0,28.7667,143.267,10.28888,1004.0
2020-10-13 00:00:00,2020277N21141,CHAN-HOM,2020-10-13 00:00:00,2020.0,28.6,144.0,7.71666,1005.0
2020-10-13 06:00:00,2020277N21141,CHAN-HOM,2020-10-13 06:00:00,2020.0,28.5444,144.444,7.71666,1008.0
2020-10-16 12:00:00,2020291N06141,SAUDEL,2020-10-16 12:00:00,2020.0,6.0,140.9,7.71666,1005.0
2020-10-16 18:00:00,2020291N06141,SAUDEL,2020-10-16 18:00:00,2020.0,7.1,141.4,7.71666,1002.0
2020-10-17 00:00:00,2020291N06141,SAUDEL,2020-10-17 00:00:00,2020.0,8.2,141.6,7.71666,1004.0
2020-10-17 06:00:00,2020291N06141,SAUDEL,2020-10-17 06:00:00,2020.0,8.7,139.9,7.71666,1003.0
2020-10-17 12:00:00,2020291N06141,SAUDEL,2020-10-17 12:00:00,2020.0,9.6,138.6,7.71666,1004.0
2020-10-17 18:00:00,2020291N06141,SAUDEL,2020-10-17 18:00:00,2020.0,10.2,137.6,7.71666,1007.0
2020-10-18 00:00:00,2020291N06141,SAUDEL,2020-10-18 00:00:00,2020.0,10.6,136.4,7.71666,1007.0
2020-10-18 06:00:00,2020291N06141,SAUDEL,2020-10-18 06:00:00,2020.0,11.4,133.9,7.71666,1005.0
2020-10-18 12:00:00,2020291N06141,SAUDEL,2020-10-18 12:00:00,2020.0,12.2,133.2,7.71666,1008.0
2020-10-18 18:00:00,2020291N06141,SAUDEL,2020-10-18 18:00:00,2020.0,13.34,130.94,10.28888,1005.0
2020-10-19 00:00:00,2020291N06141,SAUDEL,2020-10-19 00:00:00,2020.0,13.4556,129.4,12.8611,1006.0
2020-10-19 06:00:00,2020291N06141,SAUDEL,2020-10-19 06:00:00,2020.0,13.8786,128.179,12.8611,1003.0
2020-10-19 12:00:00,2020291N06141,SAUDEL,2020-10-19 12:00:00,2020.0,14.275,127.1,15.43332,1003.0
2020-10-19 18:00:00,2020291N06141,SAUDEL,2020-10-19 18:00:00,2020.0,14.95,125.95,15.43332,1000.0
2020-10-20 00:00:00,2020291N06141,SAUDEL,2020-10-20 00:00:00,2020.0,15.55,124.625,18.00554,1000.0
2020-10-20 06:00:00,2020291N06141,SAUDEL,2020-10-20 06:00:00,2020.0,15.875,123.3,23.14998,993.0
2020-10-20 12:00:00,2020291N06141,SAUDEL,2020-10-20 12:00:00,2020.0,15.925,122.025,23.14998,995.0
2020-10-20 18:00:00,2020291N06141,SAUDEL,2020-10-20 18:00:00,2020.0,16.1,120.1,20.57776,997.0
2020-10-21 00:00:00,2020291N06141,SAUDEL,2020-10-21 00:00:00,2020.0,16.025,119.0,23.14998,995.0
2020-10-21 06:00:00,2020291N06141,SAUDEL,2020-10-21 06:00:00,2020.0,16.1,118.1,23.14998,991.0
2020-10-21 12:00:00,2020291N06141,SAUDEL,2020-10-21 12:00:00,2020.0,16.025,117.45,23.14998,992.0
2020-10-21 18:00:00,2020291N06141,SAUDEL,2020-10-21 18:00:00,2020.0,16.3,116.8,30.86664,985.0
2020-10-22 00:00:00,2020291N06141,SAUDEL,2020-10-22 00:00:00,2020.0,16.775,116.475,30.86664,982.0
2020-10-22 06:00:00,2020291N06141,SAUDEL,2020-10-22 06:00:00,2020.0,17.0,116.125,33.43886,980.0
2020-10-22 12:00:00,2020291N06141,SAUDEL,2020-10-22 12:00:00,2020.0,17.3,115.925,30.86664,986.0
2020-10-22 18:00:00,2020291N06141,SAUDEL,2020-10-22 18:00:00,2020.0,17.65,115.625,36.01108,979.0
2020-10-23 00:00:00,2020291N06141,SAUDEL,2020-10-23 00:00:00,2020.0,17.725,115.3,38.5833,975.0
2020-10-23 06:00:00,2020291N06141,SAUDEL,2020-10-23 06:00:00,2020.0,17.875,114.825,36.01108,976.0
2020-10-23 12:00:00,2020291N06141,SAUDEL,2020-10-23 12:00:00,2020.0,17.875,114.35,36.01108,977.0
2020-10-23 18:00:00,2020291N06141,SAUDEL,2020-10-23 18:00:00,2020.0,17.875,113.85,28.29442,988.0
2020-10-24 00:00:00,2020291N06141,SAUDEL,2020-10-24 00:00:00,2020.0,17.9,113.3,25.7222,991.0
2020-10-24 06:00:00,2020291N06141,SAUDEL,2020-10-24 06:00:00,2020.0,17.675,112.55,23.14998,994.0
2020-10-24 12:00:00,2020291N06141,SAUDEL,2020-10-24 12:00:00,2020.0,17.55,111.475,23.14998,1000.0
2020-10-24 18:00:00,2020291N06141,SAUDEL,2020-10-24 18:00:00,2020.0,17.525,110.25,20.57776,1002.0
2020-10-25 00:00:00,2020291N06141,SAUDEL,2020-10-25 00:00:00,2020.0,17.525,109.175,20.57776,1001.0
2020-10-25 06:00:00,2020291N06141,SAUDEL,2020-10-25 06:00:00,2020.0,17.5,108.28,18.00554,1004.0
2020-10-25 12:00:00,2020291N06141,SAUDEL,2020-10-25 12:00:00,2020.0,17.5727,107.618,15.43332,1007.0
2020-10-25 18:00:00,2020291N06141,SAUDEL,2020-10-25 18:00:00,2020.0,17.8,107.0,12.8611,1006.0
2020-10-26 00:00:00,2020291N06141,SAUDEL,2020-10-26 00:00:00,2020.0,17.85,106.2,10.28888,1007.0
2020-10-26 06:00:00,2020291N06141,SAUDEL,2020-10-26 06:00:00,2020.0,17.8,105.45,7.71666,1009.0
2020-10-21 18:00:00,2020296N09137,MOLAVE,2020-10-21 18:00:00,2020.0,8.7,137.4,7.71666,1009.0
2020-10-22 00:00:00,2020296N09137,MOLAVE,2020-10-22 00:00:00,2020.0,9.175,137.5,7.71666,1008.0
2020-10-22 06:00:00,2020296N09137,MOLAVE,2020-10-22 06:00:00,2020.0,9.54286,137.271,10.28888,1004.0
2020-10-22 12:00:00,2020296N09137,MOLAVE,2020-10-22 12:00:00,2020.0,9.8,136.65,10.28888,1007.0
2020-10-22 18:00:00,2020296N09137,MOLAVE,2020-10-22 18:00:00,2020.0,10.05,135.85,10.28888,1006.0
2020-10-23 00:00:00,2020296N09137,MOLAVE,2020-10-23 00:00:00,2020.0,10.0,134.889,10.28888,1007.0
2020-10-23 06:00:00,2020296N09137,MOLAVE,2020-10-23 06:00:00,2020.0,10.2727,134.018,10.28888,1006.0
2020-10-23 12:00:00,2020296N09137,MOLAVE,2020-10-23 12:00:00,2020.0,11.0,133.233,10.28888,1006.0
2020-10-23 18:00:00,2020296N09137,MOLAVE,2020-10-23 18:00:00,2020.0,11.8,132.233,10.28888,1007.0
2020-10-24 00:00:00,2020296N09137,MOLAVE,2020-10-24 00:00:00,2020.0,12.5077,131.154,12.8611,1004.0
2020-10-24 06:00:00,2020296N09137,MOLAVE,2020-10-24 06:00:00,2020.0,13.08,129.947,15.43332,1000.0
2020-10-24 12:00:00,2020296N09137,MOLAVE,2020-10-24 12:00:00,2020.0,13.35,128.9,18.00554,999.0
2020-10-24 18:00:00,2020296N09137,MOLAVE,2020-10-24 18:00:00,2020.0,13.475,127.625,20.57776,998.0
2020-10-25 00:00:00,2020296N09137,MOLAVE,2020-10-25 00:00:00,2020.0,13.5,126.375,25.7222,996.0
2020-10-25 06:00:00,2020296N09137,MOLAVE,2020-10-25 06:00:00,2020.0,13.425,124.75,33.43886,985.0
2020-10-25 12:00:00,2020296N09137,MOLAVE,2020-10-25 12:00:00,2020.0,13.35,123.2,36.01108,984.0
2020-10-25 18:00:00,2020296N09137,MOLAVE,2020-10-25 18:00:00,2020.0,13.175,121.8,38.5833,980.0
2020-10-26 00:00:00,2020296N09137,MOLAVE,2020-10-26 00:00:00,2020.0,13.15,120.4,41.15552,977.0
2020-10-26 06:00:00,2020296N09137,MOLAVE,2020-10-26 06:00:00,2020.0,13.35,118.875,43.72774,969.0
2020-10-26 12:00:00,2020296N09137,MOLAVE,2020-10-26 12:00:00,2020.0,13.375,117.575,46.29996,966.0
2020-10-26 18:00:00,2020296N09137,MOLAVE,2020-10-26 18:00:00,2020.0,13.4,116.025,46.29996,968.0
2020-10-27 00:00:00,2020296N09137,MOLAVE,2020-10-27 00:00:00,2020.0,13.4,114.6,51.4444,958.0
2020-10-27 06:00:00,2020296N09137,MOLAVE,2020-10-27 06:00:00,2020.0,13.475,113.225,54.01662,952.0
2020-10-27 12:00:00,2020296N09137,MOLAVE,2020-10-27 12:00:00,2020.0,13.825,112.025,51.4444,957.0
2020-10-27 18:00:00,2020296N09137,MOLAVE,2020-10-27 18:00:00,2020.0,14.125,111.0,51.4444,955.0
2020-10-28 00:00:00,2020296N09137,MOLAVE,2020-10-28 00:00:00,2020.0,14.575,109.75,41.15552,975.0
2020-10-28 06:00:00,2020296N09137,MOLAVE,2020-10-28 06:00:00,2020.0,15.225,108.55,36.01108,974.0
2020-10-28 12:00:00,2020296N09137,MOLAVE,2020-10-28 12:00:00,2020.0,15.475,107.325,28.29442,988.0
2020-10-28 18:00:00,2020296N09137,MOLAVE,2020-10-28 18:00:00,2020.0,15.625,106.025,12.8611,1004.0
2020-10-29 00:00:00,2020296N09137,MOLAVE,2020-10-29 00:00:00,2020.0,15.46,104.96,7.71666,1010.0
2020-10-25 06:00:00,2020299N11144,GONI,2020-10-25 06:00:00,2020.0,10.6,143.9,7.71666,1009.0
2020-10-25 12:00:00,2020299N11144,GONI,2020-10-25 12:00:00,2020.0,11.4,143.6,7.71666,1008.0
2020-10-25 18:00:00,2020299N11144,GONI,2020-10-25 18:00:00,2020.0,11.9,142.9,7.71666,1007.0
2020-10-26 00:00:00,2020299N11144,GONI,2020-10-26 00:00:00,2020.0,12.8,142.3,7.71666,1007.0
2020-10-26 06:00:00,2020299N11144,GONI,2020-10-26 06:00:00,2020.0,13.8,141.8,7.71666,1007.0
2020-10-26 12:00:00,2020299N11144,GONI,2020-10-26 12:00:00,2020.0,14.1833,141.667,10.28888,1007.0
2020-10-26 18:00:00,2020299N11144,GONI,2020-10-26 18:00:00,2020.0,14.7,141.77,10.28888,1007.0
2020-10-27 00:00:00,2020299N11144,GONI,2020-10-27 00:00:00,2020.0,15.3,141.633,12.8611,1007.0
2020-10-27 06:00:00,2020299N11144,GONI,2020-10-27 06:00:00,2020.0,15.8,141.5,12.8611,1007.0
2020-10-27 12:00:00,2020299N11144,GONI,2020-10-27 12:00:00,2020.0,16.1667,141.067,15.43332,1004.0
2020-10-27 18:00:00,2020299N11144,GONI,2020-10-27 18:00:00,2020.0,16.4,140.667,15.43332,1003.0
2020-10-28 00:00:00,2020299N11144,GONI,2020-10-28 00:00:00,2020.0,16.4615,140.162,15.43332,1005.0
2020-10-28 06:00:00,2020299N11144,GONI,2020-10-28 06:00:00,2020.0,16.4867,139.6,15.43332,1004.0
2020-10-28 12:00:00,2020299N11144,GONI,2020-10-28 12:00:00,2020.0,16.55,138.65,18.00554,1000.0
2020-10-28 18:00:00,2020299N11144,GONI,2020-10-28 18:00:00,2020.0,16.625,137.825,23.14998,1001.0
2020-10-29 00:00:00,2020299N11144,GONI,2020-10-29 00:00:00,2020.0,16.65,136.825,28.29442,995.0
2020-10-29 06:00:00,2020299N11144,GONI,2020-10-29 06:00:00,2020.0,16.7,135.775,36.01108,982.0
2020-10-29 12:00:00,2020299N11144,GONI,2020-10-29 12:00:00,2020.0,16.65,134.55,43.72774,975.0
2020-10-29 18:00:00,2020299N11144,GONI,2020-10-29 18:00:00,2020.0,16.375,133.425,59.16106,948.0
2020-10-30 00:00:00,2020299N11144,GONI,2020-10-30 00:00:00,2020.0,16.325,132.7,66.87772,934.0
2020-10-30 06:00:00,2020299N11144,GONI,2020-10-30 06:00:00,2020.0,16.35,131.6,72.02216,922.0
2020-10-30 12:00:00,2020299N11144,GONI,2020-10-30 12:00:00,2020.0,16.1,130.875,77.1666,913.0
2020-10-30 18:00:00,2020299N11144,GONI,2020-10-30 18:00:00,2020.0,15.85,129.9,79.73882,904.0
2020-10-31 00:00:00,2020299N11144,GONI,2020-10-31 00:00:00,2020.0,15.3,128.825,82.31104,900.0
2020-10-31 06:00:00,2020299N11144,GONI,2020-10-31 06:00:00,2020.0,14.7,127.625,82.31104,900.0
2020-10-31 12:00:00,2020299N11144,GONI,2020-10-31 12:00:00,2020.0,14.2,126.475,84.88326,900.0
2020-10-31 18:00:00,2020299N11144,GONI,2020-10-31 18:00:00,2020.0,13.7,125.025,87.45548000000001,900.0
2020-11-01 00:00:00,2020299N11144,GONI,2020-11-01 00:00:00,2020.0,13.525,123.575,66.87772,932.0
2020-11-01 06:00:00,2020299N11144,GONI,2020-11-01 06:00:00,2020.0,13.675,122.125,38.5833,980.0
2020-11-01 12:00:00,2020299N11144,GONI,2020-11-01 12:00:00,2020.0,14.1,121.1,30.86664,990.0
2020-11-01 18:00:00,2020299N11144,GONI,2020-11-01 18:00:00,2020.0,14.45,119.775,25.7222,994.0
2020-11-02 00:00:00,2020299N11144,GONI,2020-11-02 00:00:00,2020.0,14.7,118.65,15.43332,1006.0
2020-11-02 06:00:00,2020299N11144,GONI,2020-11-02 06:00:00,2020.0,15.125,117.85,15.43332,1002.0
2020-11-02 12:00:00,2020299N11144,GONI,2020-11-02 12:00:00,2020.0,15.15,116.8,18.00554,1000.0
2020-11-02 18:00:00,2020299N11144,GONI,2020-11-02 18:00:00,2020.0,15.1,116.025,18.00554,1004.0
2020-11-03 00:00:00,2020299N11144,GONI,2020-11-03 00:00:00,2020.0,14.9,115.425,18.00554,1002.0
2020-11-03 06:00:00,2020299N11144,GONI,2020-11-03 06:00:00,2020.0,14.725,115.125,20.57776,1003.0
2020-11-03 12:00:00,2020299N11144,GONI,2020-11-03 12:00:00,2020.0,14.75,114.725,18.00554,1004.0
2020-11-03 18:00:00,2020299N11144,GONI,2020-11-03 18:00:00,2020.0,14.65,114.1,18.00554,1004.0
2020-11-04 00:00:00,2020299N11144,GONI,2020-11-04 00:00:00,2020.0,14.425,113.5,18.00554,1005.0
2020-11-04 06:00:00,2020299N11144,GONI,2020-11-04 06:00:00,2020.0,14.325,113.25,20.57776,1000.0
2020-11-04 12:00:00,2020299N11144,GONI,2020-11-04 12:00:00,2020.0,14.3,112.675,20.57776,1001.0
2020-11-04 18:00:00,2020299N11144,GONI,2020-11-04 18:00:00,2020.0,14.3,112.25,20.57776,1000.0
2020-11-05 00:00:00,2020299N11144,GONI,2020-11-05 00:00:00,2020.0,14.3,111.7,20.57776,1002.0
2020-11-05 06:00:00,2020299N11144,GONI,2020-11-05 06:00:00,2020.0,13.975,111.35,15.43332,1005.0
2020-11-05 12:00:00,2020299N11144,GONI,2020-11-05 12:00:00,2020.0,13.9,110.925,15.43332,1005.0
2020-11-05 18:00:00,2020299N11144,GONI,2020-11-05 18:00:00,2020.0,13.9467,110.213,12.8611,1007.0
2020-11-06 00:00:00,2020299N11144,GONI,2020-11-06 00:00:00,2020.0,14.13,109.34,12.8611,1009.0
2020-11-06 06:00:00,2020299N11144,GONI,2020-11-06 06:00:00,2020.0,14.5,107.9,10.28888,1010.0
2020-11-08 06:00:00,2020313N08135,VAMCO,2020-11-08 06:00:00,2020.0,8.81429,134.129,7.71666,1010.0
2020-11-08 12:00:00,2020313N08135,VAMCO,2020-11-08 12:00:00,2020.0,9.46364,133.518,7.71666,1009.0
2020-11-08 18:00:00,2020313N08135,VAMCO,2020-11-08 18:00:00,2020.0,10.4,132.5,7.71666,1007.0
2020-11-09 00:00:00,2020313N08135,VAMCO,2020-11-09 00:00:00,2020.0,11.3,131.467,10.28888,1005.0
2020-11-09 06:00:00,2020313N08135,VAMCO,2020-11-09 06:00:00,2020.0,11.8,130.908,12.8611,1004.0
2020-11-09 12:00:00,2020313N08135,VAMCO,2020-11-09 12:00:00,2020.0,12.14,130.227,12.8611,1004.0
2020-11-09 18:00:00,2020313N08135,VAMCO,2020-11-09 18:00:00,2020.0,12.625,129.5,15.43332,1003.0
2020-11-10 00:00:00,2020313N08135,VAMCO,2020-11-10 00:00:00,2020.0,13.35,128.65,18.00554,1002.0
2020-11-10 06:00:00,2020313N08135,VAMCO,2020-11-10 06:00:00,2020.0,13.925,128.025,23.14998,997.0
2020-11-10 12:00:00,2020313N08135,VAMCO,2020-11-10 12:00:00,2020.0,14.4,126.675,25.7222,997.0
2020-11-10 18:00:00,2020313N08135,VAMCO,2020-11-10 18:00:00,2020.0,14.55,125.825,30.86664,989.0
2020-11-11 00:00:00,2020313N08135,VAMCO,2020-11-11 00:00:00,2020.0,14.65,124.65,36.01108,985.0
2020-11-11 06:00:00,2020313N08135,VAMCO,2020-11-11 06:00:00,2020.0,14.475,123.475,43.72774,974.0
2020-11-11 12:00:00,2020313N08135,VAMCO,2020-11-11 12:00:00,2020.0,14.725,122.775,51.4444,960.0
2020-11-11 18:00:00,2020313N08135,VAMCO,2020-11-11 18:00:00,2020.0,15.125,121.35,48.87218,961.0
2020-11-12 00:00:00,2020313N08135,VAMCO,2020-11-12 00:00:00,2020.0,15.275,119.725,41.15552,974.0
2020-11-12 06:00:00,2020313N08135,VAMCO,2020-11-12 06:00:00,2020.0,15.25,118.475,38.5833,977.0
2020-11-12 12:00:00,2020313N08135,VAMCO,2020-11-12 12:00:00,2020.0,15.225,117.35,38.5833,979.0
2020-11-12 18:00:00,2020313N08135,VAMCO,2020-11-12 18:00:00,2020.0,15.225,116.375,38.5833,978.0
2020-11-13 00:00:00,2020313N08135,VAMCO,2020-11-13 00:00:00,2020.0,15.4,115.475,38.5833,977.0
2020-11-13 06:00:00,2020313N08135,VAMCO,2020-11-13 06:00:00,2020.0,15.475,114.35,41.15552,975.0
2020-11-13 12:00:00,2020313N08135,VAMCO,2020-11-13 12:00:00,2020.0,15.525,113.375,56.588840000000005,951.0
2020-11-13 18:00:00,2020313N08135,VAMCO,2020-11-13 18:00:00,2020.0,15.575,112.4,59.16106,945.0
2020-11-14 00:00:00,2020313N08135,VAMCO,2020-11-14 00:00:00,2020.0,15.725,111.35,54.01662,957.0
2020-11-14 06:00:00,2020313N08135,VAMCO,2020-11-14 06:00:00,2020.0,15.925,110.3,51.4444,958.0
2020-11-14 12:00:00,2020313N08135,VAMCO,2020-11-14 12:00:00,2020.0,16.35,109.4,48.87218,963.0
2020-11-14 18:00:00,2020313N08135,VAMCO,2020-11-14 18:00:00,2020.0,16.8,108.35,43.72774,975.0
2020-11-15 00:00:00,2020313N08135,VAMCO,2020-11-15 00:00:00,2020.0,17.1,107.65,38.5833,983.0
2020-11-15 06:00:00,2020313N08135,VAMCO,2020-11-15 06:00:00,2020.0,17.775,106.575,30.86664,991.0
2020-11-15 12:00:00,2020313N08135,VAMCO,2020-11-15 12:00:00,2020.0,18.2714,105.686,20.57776,996.0
2020-11-15 18:00:00,2020313N08135,VAMCO,2020-11-15 18:00:00,2020.0,18.55,104.36,15.43332,1006.0
2020-11-16 00:00:00,2020313N08135,VAMCO,2020-11-16 00:00:00,2020.0,19.28,103.56,12.8611,1008.0
2021-04-11 12:00:00,2021102N06144,SURIGAE,2021-04-11 12:00:00,2021.0,5.5,143.8,10.28888,1007.0
2021-04-11 18:00:00,2021102N06144,SURIGAE,2021-04-11 18:00:00,2021.0,5.6,143.1,10.28888,1005.0
2021-04-12 00:00:00,2021102N06144,SURIGAE,2021-04-12 00:00:00,2021.0,5.7,142.3,10.28888,1005.0
2021-04-12 06:00:00,2021102N06144,SURIGAE,2021-04-12 06:00:00,2021.0,6.1,141.5,10.28888,1005.0
2021-04-12 12:00:00,2021102N06144,SURIGAE,2021-04-12 12:00:00,2021.0,6.5,140.6,10.28888,1005.0
2021-04-12 18:00:00,2021102N06144,SURIGAE,2021-04-12 18:00:00,2021.0,7.16667,139.133,10.28888,1006.0
2021-04-13 00:00:00,2021102N06144,SURIGAE,2021-04-13 00:00:00,2021.0,7.58,138.36,10.28888,1006.0
2021-04-13 06:00:00,2021102N06144,SURIGAE,2021-04-13 06:00:00,2021.0,7.8,138.0,12.8611,1003.0
2021-04-13 12:00:00,2021102N06144,SURIGAE,2021-04-13 12:00:00,2021.0,7.86154,137.723,12.8611,1004.0
2021-04-13 18:00:00,2021102N06144,SURIGAE,2021-04-13 18:00:00,2021.0,7.96667,137.507,15.43332,1001.0
2021-04-14 00:00:00,2021102N06144,SURIGAE,2021-04-14 00:00:00,2021.0,8.2,137.325,18.00554,998.0
2021-04-14 06:00:00,2021102N06144,SURIGAE,2021-04-14 06:00:00,2021.0,8.45,137.075,18.00554,997.0
2021-04-14 12:00:00,2021102N06144,SURIGAE,2021-04-14 12:00:00,2021.0,8.6,136.875,20.57776,1001.0
2021-04-14 18:00:00,2021102N06144,SURIGAE,2021-04-14 18:00:00,2021.0,8.7,136.625,23.14998,993.0
2021-04-15 00:00:00,2021102N06144,SURIGAE,2021-04-15 00:00:00,2021.0,8.75,136.35,25.7222,992.0
2021-04-15 06:00:00,2021102N06144,SURIGAE,2021-04-15 06:00:00,2021.0,8.7,136.1,28.29442,987.0
2021-04-15 12:00:00,2021102N06144,SURIGAE,2021-04-15 12:00:00,2021.0,8.7,135.7,30.86664,986.0
2021-04-15 18:00:00,2021102N06144,SURIGAE,2021-04-15 18:00:00,2021.0,8.725,135.275,36.01108,980.0
2021-04-16 00:00:00,2021102N06144,SURIGAE,2021-04-16 00:00:00,2021.0,8.875,134.6,38.5833,978.0
2021-04-16 06:00:00,2021102N06144,SURIGAE,2021-04-16 06:00:00,2021.0,9.125,133.75,41.15552,972.0
2021-04-16 12:00:00,2021102N06144,SURIGAE,2021-04-16 12:00:00,2021.0,9.425,133.1,48.87218,962.0
2021-04-16 18:00:00,2021102N06144,SURIGAE,2021-04-16 18:00:00,2021.0,10.0,132.125,56.588840000000005,947.0
2021-04-17 00:00:00,2021102N06144,SURIGAE,2021-04-17 00:00:00,2021.0,10.7,131.1,64.3055,935.0
2021-04-17 06:00:00,2021102N06144,SURIGAE,2021-04-17 06:00:00,2021.0,11.35,130.1,82.31104,900.0
2021-04-17 12:00:00,2021102N06144,SURIGAE,2021-04-17 12:00:00,2021.0,12.025,129.2,87.45548000000001,900.0
2021-04-17 18:00:00,2021102N06144,SURIGAE,2021-04-17 18:00:00,2021.0,12.575,128.4,84.88326,900.0
2021-04-18 00:00:00,2021102N06144,SURIGAE,2021-04-18 00:00:00,2021.0,13.1,127.7,79.73882,902.0
2021-04-18 06:00:00,2021102N06144,SURIGAE,2021-04-18 06:00:00,2021.0,13.425,127.075,69.44994,924.0
2021-04-18 12:00:00,2021102N06144,SURIGAE,2021-04-18 12:00:00,2021.0,13.575,126.775,64.3055,932.0
2021-04-18 18:00:00,2021102N06144,SURIGAE,2021-04-18 18:00:00,2021.0,13.925,126.5,64.3055,932.0
2021-04-19 00:00:00,2021102N06144,SURIGAE,2021-04-19 00:00:00,2021.0,14.2,126.325,64.3055,931.0
2021-04-19 06:00:00,2021102N06144,SURIGAE,2021-04-19 06:00:00,2021.0,14.525,126.3,64.3055,930.0
2021-04-19 12:00:00,2021102N06144,SURIGAE,2021-04-19 12:00:00,2021.0,14.8,126.3,61.73328,935.0
2021-04-19 18:00:00,2021102N06144,SURIGAE,2021-04-19 18:00:00,2021.0,15.15,126.25,59.16106,940.0
2021-04-20 00:00:00,2021102N06144,SURIGAE,2021-04-20 00:00:00,2021.0,15.5,126.125,59.16106,939.0
2021-04-20 06:00:00,2021102N06144,SURIGAE,2021-04-20 06:00:00,2021.0,15.85,125.95,64.3055,929.0
2021-04-20 12:00:00,2021102N06144,SURIGAE,2021-04-20 12:00:00,2021.0,16.4,125.875,61.73328,935.0
2021-04-20 18:00:00,2021102N06144,SURIGAE,2021-04-20 18:00:00,2021.0,16.95,125.475,59.16106,940.0
2021-04-21 00:00:00,2021102N06144,SURIGAE,2021-04-21 00:00:00,2021.0,17.5,125.2,59.16106,941.0
2021-04-21 06:00:00,2021102N06144,SURIGAE,2021-04-21 06:00:00,2021.0,18.125,124.95,59.16106,940.0
2021-04-21 12:00:00,2021102N06144,SURIGAE,2021-04-21 12:00:00,2021.0,18.775,124.8,59.16106,942.0
2021-04-21 18:00:00,2021102N06144,SURIGAE,2021-04-21 18:00:00,2021.0,19.3,124.75,54.01662,948.0
2021-04-22 00:00:00,2021102N06144,SURIGAE,2021-04-22 00:00:00,2021.0,19.725,124.925,51.4444,954.0
2021-04-22 06:00:00,2021102N06144,SURIGAE,2021-04-22 06:00:00,2021.0,20.3,125.35,51.4444,953.0
2021-04-22 12:00:00,2021102N06144,SURIGAE,2021-04-22 12:00:00,2021.0,20.975,126.15,48.87218,958.0
2021-04-22 18:00:00,2021102N06144,SURIGAE,2021-04-22 18:00:00,2021.0,21.575,127.125,46.29996,962.0
2021-04-23 00:00:00,2021102N06144,SURIGAE,2021-04-23 00:00:00,2021.0,22.5,128.175,41.15552,972.0
2021-04-23 06:00:00,2021102N06144,SURIGAE,2021-04-23 06:00:00,2021.0,23.05,129.025,38.5833,975.0
2021-04-23 12:00:00,2021102N06144,SURIGAE,2021-04-23 12:00:00,2021.0,23.35,129.875,30.86664,983.0
2021-04-23 18:00:00,2021102N06144,SURIGAE,2021-04-23 18:00:00,2021.0,23.325,130.525,28.29442,985.0
2021-04-24 00:00:00,2021102N06144,SURIGAE,2021-04-24 00:00:00,2021.0,23.05,131.175,23.14998,990.0
2021-04-24 06:00:00,2021102N06144,SURIGAE,2021-04-24 06:00:00,2021.0,22.75,131.85,23.14998,988.0
2021-04-24 12:00:00,2021102N06144,SURIGAE,2021-04-24 12:00:00,2021.0,22.2,132.827,20.57776,991.0
2021-04-24 18:00:00,2021102N06144,SURIGAE,2021-04-24 18:00:00,2021.0,21.7154,134.038,20.57776,992.0
2021-04-25 00:00:00,2021102N06144,SURIGAE,2021-04-25 00:00:00,2021.0,21.8182,136.064,15.43332,1000.0
2021-04-25 06:00:00,2021102N06144,SURIGAE,2021-04-25 06:00:00,2021.0,22.5,138.1,18.00554,997.0
2021-06-19 18:00:00,2021171N09152,CHAMPI,2021-06-19 18:00:00,2021.0,8.6,151.5,7.71666,1009.0
2021-06-20 00:00:00,2021171N09152,CHAMPI,2021-06-20 00:00:00,2021.0,9.54,150.96,7.71666,1009.0
2021-06-20 06:00:00,2021171N09152,CHAMPI,2021-06-20 06:00:00,2021.0,10.09,150.27,12.8611,1007.0
2021-06-20 12:00:00,2021171N09152,CHAMPI,2021-06-20 12:00:00,2021.0,10.6333,149.4,15.43332,1006.0
2021-06-20 18:00:00,2021171N09152,CHAMPI,2021-06-20 18:00:00,2021.0,11.0667,148.4,15.43332,1005.0
2021-06-21 00:00:00,2021171N09152,CHAMPI,2021-06-21 00:00:00,2021.0,11.5077,147.646,15.43332,1002.0
2021-06-21 06:00:00,2021171N09152,CHAMPI,2021-06-21 06:00:00,2021.0,11.82,146.727,10.28888,1009.0
2021-06-21 12:00:00,2021171N09152,CHAMPI,2021-06-21 12:00:00,2021.0,12.175,145.7,15.43332,1006.0
2021-06-21 18:00:00,2021171N09152,CHAMPI,2021-06-21 18:00:00,2021.0,12.675,144.7,10.28888,1010.0
2021-06-22 00:00:00,2021171N09152,CHAMPI,2021-06-22 00:00:00,2021.0,13.35,143.575,18.00554,1004.0
2021-06-22 06:00:00,2021171N09152,CHAMPI,2021-06-22 06:00:00,2021.0,14.125,142.525,18.00554,1004.0
2021-06-22 12:00:00,2021171N09152,CHAMPI,2021-06-22 12:00:00,2021.0,14.6,141.925,15.43332,1009.0
2021-06-22 18:00:00,2021171N09152,CHAMPI,2021-06-22 18:00:00,2021.0,15.2,141.35,15.43332,1009.0
2021-06-23 00:00:00,2021171N09152,CHAMPI,2021-06-23 00:00:00,2021.0,15.975,140.875,15.43332,1009.0
2021-06-23 06:00:00,2021171N09152,CHAMPI,2021-06-23 06:00:00,2021.0,16.85,140.8,20.57776,1002.0
2021-06-23 12:00:00,2021171N09152,CHAMPI,2021-06-23 12:00:00,2021.0,17.625,140.525,20.57776,1000.0
2021-06-23 18:00:00,2021171N09152,CHAMPI,2021-06-23 18:00:00,2021.0,18.1,140.175,23.14998,1002.0
2021-06-24 00:00:00,2021171N09152,CHAMPI,2021-06-24 00:00:00,2021.0,18.6,140.075,23.14998,1002.0
2021-06-24 06:00:00,2021171N09152,CHAMPI,2021-06-24 06:00:00,2021.0,19.175,139.875,25.7222,997.0
2021-06-24 12:00:00,2021171N09152,CHAMPI,2021-06-24 12:00:00,2021.0,19.675,139.7,25.7222,1000.0
2021-06-24 18:00:00,2021171N09152,CHAMPI,2021-06-24 18:00:00,2021.0,20.175,139.55,28.29442,997.0
2021-06-25 00:00:00,2021171N09152,CHAMPI,2021-06-25 00:00:00,2021.0,21.0,139.125,30.86664,993.0
2021-06-25 06:00:00,2021171N09152,CHAMPI,2021-06-25 06:00:00,2021.0,21.975,139.125,33.43886,987.0
2021-06-25 12:00:00,2021171N09152,CHAMPI,2021-06-25 12:00:00,2021.0,22.85,139.2,33.43886,988.0
2021-06-25 18:00:00,2021171N09152,CHAMPI,2021-06-25 18:00:00,2021.0,23.8,139.325,30.86664,990.0
2021-06-26 00:00:00,2021171N09152,CHAMPI,2021-06-26 00:00:00,2021.0,24.825,139.725,28.29442,993.0
2021-06-26 06:00:00,2021171N09152,CHAMPI,2021-06-26 06:00:00,2021.0,25.825,140.025,28.29442,993.0
2021-06-26 12:00:00,2021171N09152,CHAMPI,2021-06-26 12:00:00,2021.0,26.875,140.25,25.7222,996.0
2021-06-26 18:00:00,2021171N09152,CHAMPI,2021-06-26 18:00:00,2021.0,28.275,140.825,20.57776,998.0
2021-06-27 00:00:00,2021171N09152,CHAMPI,2021-06-27 00:00:00,2021.0,29.9467,141.393,18.00554,1000.0
2021-06-27 06:00:00,2021171N09152,CHAMPI,2021-06-27 06:00:00,2021.0,31.8615,142.392,18.00554,1000.0
2021-06-27 12:00:00,2021171N09152,CHAMPI,2021-06-27 12:00:00,2021.0,33.9818,143.809,12.8611,1007.0
2021-06-27 18:00:00,2021171N09152,CHAMPI,2021-06-27 18:00:00,2021.0,36.2222,145.378,15.43332,995.0
2021-07-16 00:00:00,2021197N17135,IN-FA,2021-07-16 00:00:00,2021.0,17.125,135.1,7.71666,1007.0
2021-07-16 06:00:00,2021197N17135,IN-FA,2021-07-16 06:00:00,2021.0,17.9714,135.143,10.28888,1004.0
2021-07-16 12:00:00,2021197N17135,IN-FA,2021-07-16 12:00:00,2021.0,19.0222,134.756,12.8611,1003.0
2021-07-16 18:00:00,2021197N17135,IN-FA,2021-07-16 18:00:00,2021.0,19.6917,134.508,12.8611,1002.0
2021-07-17 00:00:00,2021197N17135,IN-FA,2021-07-17 00:00:00,2021.0,20.5133,133.94,15.43332,1000.0
2021-07-17 06:00:00,2021197N17135,IN-FA,2021-07-17 06:00:00,2021.0,21.175,133.525,15.43332,1000.0
2021-07-17 12:00:00,2021197N17135,IN-FA,2021-07-17 12:00:00,2021.0,21.575,133.075,15.43332,999.0
2021-07-17 18:00:00,2021197N17135,IN-FA,2021-07-17 18:00:00,2021.0,22.1,132.75,15.43332,999.0
2021-07-18 00:00:00,2021197N17135,IN-FA,2021-07-18 00:00:00,2021.0,22.55,132.5,18.00554,998.0
2021-07-18 06:00:00,2021197N17135,IN-FA,2021-07-18 06:00:00,2021.0,22.85,132.3,18.00554,993.0
2021-07-18 12:00:00,2021197N17135,IN-FA,2021-07-18 12:00:00,2021.0,23.25,132.1,20.57776,989.0
2021-07-18 18:00:00,2021197N17135,IN-FA,2021-07-18 18:00:00,2021.0,23.65,131.975,23.14998,985.0
2021-07-19 00:00:00,2021197N17135,IN-FA,2021-07-19 00:00:00,2021.0,23.875,131.825,25.7222,984.0
2021-07-19 06:00:00,2021197N17135,IN-FA,2021-07-19 06:00:00,2021.0,23.975,131.675,25.7222,982.0
2021-07-19 12:00:00,2021197N17135,IN-FA,2021-07-19 12:00:00,2021.0,24.0,131.525,25.7222,982.0
2021-07-19 18:00:00,2021197N17135,IN-FA,2021-07-19 18:00:00,2021.0,24.175,131.2,25.7222,981.0
2021-07-20 00:00:00,2021197N17135,IN-FA,2021-07-20 00:00:00,2021.0,24.45,130.75,28.29442,976.0
2021-07-20 06:00:00,2021197N17135,IN-FA,2021-07-20 06:00:00,2021.0,24.675,129.775,33.43886,973.0
2021-07-20 12:00:00,2021197N17135,IN-FA,2021-07-20 12:00:00,2021.0,24.5,128.975,41.15552,965.0
2021-07-20 18:00:00,2021197N17135,IN-FA,2021-07-20 18:00:00,2021.0,24.15,128.2,43.72774,963.0
2021-07-21 00:00:00,2021197N17135,IN-FA,2021-07-21 00:00:00,2021.0,24.125,127.875,48.87218,953.0
2021-07-21 06:00:00,2021197N17135,IN-FA,2021-07-21 06:00:00,2021.0,24.2,127.2,48.87218,952.0
2021-07-21 12:00:00,2021197N17135,IN-FA,2021-07-21 12:00:00,2021.0,23.975,126.6,48.87218,951.0
2021-07-21 18:00:00,2021197N17135,IN-FA,2021-07-21 18:00:00,2021.0,23.675,126.2,46.29996,954.0
2021-07-22 00:00:00,2021197N17135,IN-FA,2021-07-22 00:00:00,2021.0,23.425,126.0,46.29996,954.0
2021-07-22 06:00:00,2021197N17135,IN-FA,2021-07-22 06:00:00,2021.0,23.5,125.875,43.72774,957.0
2021-07-22 12:00:00,2021197N17135,IN-FA,2021-07-22 12:00:00,2021.0,23.6,125.775,41.15552,959.0
2021-07-22 18:00:00,2021197N17135,IN-FA,2021-07-22 18:00:00,2021.0,23.7,125.525,38.5833,961.0
2021-07-23 00:00:00,2021197N17135,IN-FA,2021-07-23 00:00:00,2021.0,24.225,125.4,38.5833,961.0
2021-07-23 06:00:00,2021197N17135,IN-FA,2021-07-23 06:00:00,2021.0,24.55,125.075,36.01108,959.0
2021-07-23 12:00:00,2021197N17135,IN-FA,2021-07-23 12:00:00,2021.0,24.8,125.025,30.86664,965.0
2021-07-23 18:00:00,2021197N17135,IN-FA,2021-07-23 18:00:00,2021.0,25.475,124.95,33.43886,961.0
2021-07-24 00:00:00,2021197N17135,IN-FA,2021-07-24 00:00:00,2021.0,26.425,124.675,36.01108,960.0
2021-07-24 06:00:00,2021197N17135,IN-FA,2021-07-24 06:00:00,2021.0,27.225,124.325,36.01108,958.0
2021-07-24 12:00:00,2021197N17135,IN-FA,2021-07-24 12:00:00,2021.0,28.025,124.025,36.01108,959.0
2021-07-24 18:00:00,2021197N17135,IN-FA,2021-07-24 18:00:00,2021.0,28.625,123.725,30.86664,966.0
2021-07-25 00:00:00,2021197N17135,IN-FA,2021-07-25 00:00:00,2021.0,29.675,123.0,28.29442,971.0
2021-07-25 06:00:00,2021197N17135,IN-FA,2021-07-25 06:00:00,2021.0,30.0,122.4,28.29442,972.0
2021-07-25 12:00:00,2021197N17135,IN-FA,2021-07-25 12:00:00,2021.0,30.175,122.05,28.29442,975.0
2021-07-25 18:00:00,2021197N17135,IN-FA,2021-07-25 18:00:00,2021.0,30.375,121.525,23.14998,982.0
2021-07-26 00:00:00,2021197N17135,IN-FA,2021-07-26 00:00:00,2021.0,30.625,121.2,20.57776,988.0
2021-07-26 06:00:00,2021197N17135,IN-FA,2021-07-26 06:00:00,2021.0,30.85,120.95,18.00554,983.0
2021-07-26 12:00:00,2021197N17135,IN-FA,2021-07-26 12:00:00,2021.0,30.95,120.45,15.43332,985.0
2021-07-26 18:00:00,2021197N17135,IN-FA,2021-07-26 18:00:00,2021.0,31.15,119.95,12.8611,986.0
2021-07-27 00:00:00,2021197N17135,IN-FA,2021-07-27 00:00:00,2021.0,31.275,119.425,12.8611,987.0
2021-07-27 06:00:00,2021197N17135,IN-FA,2021-07-27 06:00:00,2021.0,31.3,119.025,12.8611,985.0
2021-07-27 12:00:00,2021197N17135,IN-FA,2021-07-27 12:00:00,2021.0,31.575,118.925,12.8611,985.0
2021-07-27 18:00:00,2021197N17135,IN-FA,2021-07-27 18:00:00,2021.0,32.15,118.25,12.8611,985.0
2021-07-28 00:00:00,2021197N17135,IN-FA,2021-07-28 00:00:00,2021.0,32.65,117.575,12.8611,985.0
2021-07-28 06:00:00,2021197N17135,IN-FA,2021-07-28 06:00:00,2021.0,33.05,117.05,10.28888,988.0
2021-07-28 12:00:00,2021197N17135,IN-FA,2021-07-28 12:00:00,2021.0,33.2,116.925,10.28888,989.0
2021-07-28 18:00:00,2021197N17135,IN-FA,2021-07-28 18:00:00,2021.0,33.95,116.8,10.28888,988.0
2021-07-29 00:00:00,2021197N17135,IN-FA,2021-07-29 00:00:00,2021.0,34.975,116.875,10.28888,988.0
2021-07-29 06:00:00,2021197N17135,IN-FA,2021-07-29 06:00:00,2021.0,35.7333,117.153,10.28888,990.0
2021-07-29 12:00:00,2021197N17135,IN-FA,2021-07-29 12:00:00,2021.0,36.9231,117.646,7.71666,992.0
2021-07-29 18:00:00,2021197N17135,IN-FA,2021-07-29 18:00:00,2021.0,38.0545,118.009,7.71666,992.0
2021-07-30 00:00:00,2021197N17135,IN-FA,2021-07-30 00:00:00,2021.0,38.5667,118.7,7.71666,992.0
2021-07-17 06:00:00,2021198N19117,CEMPAKA,2021-07-17 06:00:00,2021.0,19.275,116.55,7.71666,1002.0
2021-07-17 12:00:00,2021198N19117,CEMPAKA,2021-07-17 12:00:00,2021.0,19.4625,116.05,7.71666,1002.0
2021-07-17 18:00:00,2021198N19117,CEMPAKA,2021-07-17 18:00:00,2021.0,19.7091,115.655,7.71666,1004.0
2021-07-18 00:00:00,2021198N19117,CEMPAKA,2021-07-18 00:00:00,2021.0,20.1,115.267,10.28888,1001.0
2021-07-18 06:00:00,2021198N19117,CEMPAKA,2021-07-18 06:00:00,2021.0,20.5,114.6,12.8611,1000.0
2021-07-18 12:00:00,2021198N19117,CEMPAKA,2021-07-18 12:00:00,2021.0,20.7,113.985,15.43332,998.0
2021-07-18 18:00:00,2021198N19117,CEMPAKA,2021-07-18 18:00:00,2021.0,20.8,113.48,18.00554,998.0
2021-07-19 00:00:00,2021198N19117,CEMPAKA,2021-07-19 00:00:00,2021.0,20.875,113.15,20.57776,995.0
2021-07-19 06:00:00,2021198N19117,CEMPAKA,2021-07-19 06:00:00,2021.0,21.025,112.95,23.14998,991.0
2021-07-19 12:00:00,2021198N19117,CEMPAKA,2021-07-19 12:00:00,2021.0,21.1,112.775,28.29442,985.0
2021-07-19 18:00:00,2021198N19117,CEMPAKA,2021-07-19 18:00:00,2021.0,21.175,112.55,33.43886,978.0
2021-07-20 00:00:00,2021198N19117,CEMPAKA,2021-07-20 00:00:00,2021.0,21.3,112.45,33.43886,977.0
2021-07-20 06:00:00,2021198N19117,CEMPAKA,2021-07-20 06:00:00,2021.0,21.475,112.325,41.15552,965.0
2021-07-20 12:00:00,2021198N19117,CEMPAKA,2021-07-20 12:00:00,2021.0,21.675,112.05,38.5833,970.0
2021-07-20 18:00:00,2021198N19117,CEMPAKA,2021-07-20 18:00:00,2021.0,21.8,111.55,28.29442,984.0
2021-07-21 00:00:00,2021198N19117,CEMPAKA,2021-07-21 00:00:00,2021.0,21.9,111.2,18.00554,998.0
2021-07-21 06:00:00,2021198N19117,CEMPAKA,2021-07-21 06:00:00,2021.0,22.15,110.8,15.43332,996.0
2021-07-21 12:00:00,2021198N19117,CEMPAKA,2021-07-21 12:00:00,2021.0,22.375,110.25,12.8611,999.0
2021-07-21 18:00:00,2021198N19117,CEMPAKA,2021-07-21 18:00:00,2021.0,22.5,109.7,12.8611,999.0
2021-07-22 00:00:00,2021198N19117,CEMPAKA,2021-07-22 00:00:00,2021.0,22.55,109.025,12.8611,1000.0
2021-07-22 06:00:00,2021198N19117,CEMPAKA,2021-07-22 06:00:00,2021.0,22.5,108.325,12.8611,1000.0
2021-07-22 12:00:00,2021198N19117,CEMPAKA,2021-07-22 12:00:00,2021.0,22.1,107.9,12.8611,1000.0
2021-07-22 18:00:00,2021198N19117,CEMPAKA,2021-07-22 18:00:00,2021.0,21.625,107.625,10.28888,1003.0
2021-07-23 00:00:00,2021198N19117,CEMPAKA,2021-07-23 00:00:00,2021.0,21.1,107.525,10.28888,1001.0
2021-07-23 06:00:00,2021198N19117,CEMPAKA,2021-07-23 06:00:00,2021.0,20.575,107.275,10.28888,1001.0
2021-07-23 12:00:00,2021198N19117,CEMPAKA,2021-07-23 12:00:00,2021.0,20.15,107.125,10.28888,1000.0
2021-07-23 18:00:00,2021198N19117,CEMPAKA,2021-07-23 18:00:00,2021.0,19.725,107.05,10.28888,1003.0
2021-07-24 00:00:00,2021198N19117,CEMPAKA,2021-07-24 00:00:00,2021.0,19.3667,106.893,10.28888,1005.0
2021-07-24 06:00:00,2021198N19117,CEMPAKA,2021-07-24 06:00:00,2021.0,18.9273,106.527,7.71666,999.0
2021-09-05 00:00:00,2021248N11131,CONSON,2021-09-05 00:00:00,2021.0,11.2,131.4,7.71666,1008.0
2021-09-05 06:00:00,2021248N11131,CONSON,2021-09-05 06:00:00,2021.0,10.3,130.317,10.28888,1007.0
2021-09-05 12:00:00,2021248N11131,CONSON,2021-09-05 12:00:00,2021.0,10.1308,129.538,12.8611,1004.0
2021-09-05 18:00:00,2021248N11131,CONSON,2021-09-05 18:00:00,2021.0,10.0,128.6,18.00554,996.0
2021-09-06 00:00:00,2021248N11131,CONSON,2021-09-06 00:00:00,2021.0,10.35,127.825,23.14998,996.0
2021-09-06 06:00:00,2021248N11131,CONSON,2021-09-06 06:00:00,2021.0,10.8,126.825,28.29442,992.0
2021-09-06 12:00:00,2021248N11131,CONSON,2021-09-06 12:00:00,2021.0,11.225,126.05,30.86664,980.0
2021-09-06 18:00:00,2021248N11131,CONSON,2021-09-06 18:00:00,2021.0,11.65,124.95,30.86664,991.0
2021-09-07 00:00:00,2021248N11131,CONSON,2021-09-07 00:00:00,2021.0,12.075,124.25,28.29442,993.0
2021-09-07 06:00:00,2021248N11131,CONSON,2021-09-07 06:00:00,2021.0,12.475,123.5,25.7222,994.0
2021-09-07 12:00:00,2021248N11131,CONSON,2021-09-07 12:00:00,2021.0,12.925,122.775,28.29442,992.0
2021-09-07 18:00:00,2021248N11131,CONSON,2021-09-07 18:00:00,2021.0,13.275,122.05,30.86664,989.0
2021-09-08 00:00:00,2021248N11131,CONSON,2021-09-08 00:00:00,2021.0,13.725,121.525,30.86664,989.0
2021-09-08 06:00:00,2021248N11131,CONSON,2021-09-08 06:00:00,2021.0,14.175,120.725,28.29442,991.0
2021-09-08 12:00:00,2021248N11131,CONSON,2021-09-08 12:00:00,2021.0,14.875,120.05,23.14998,998.0
2021-09-08 18:00:00,2021248N11131,CONSON,2021-09-08 18:00:00,2021.0,15.325,119.125,23.14998,997.0
2021-09-09 00:00:00,2021248N11131,CONSON,2021-09-09 00:00:00,2021.0,15.55,118.075,20.57776,999.0
2021-09-09 06:00:00,2021248N11131,CONSON,2021-09-09 06:00:00,2021.0,15.85,116.7,20.57776,1000.0
2021-09-09 12:00:00,2021248N11131,CONSON,2021-09-09 12:00:00,2021.0,15.925,115.05,23.14998,999.0
2021-09-09 18:00:00,2021248N11131,CONSON,2021-09-09 18:00:00,2021.0,15.85,113.975,25.7222,996.0
2021-09-10 00:00:00,2021248N11131,CONSON,2021-09-10 00:00:00,2021.0,15.675,112.875,23.14998,997.0
2021-09-10 06:00:00,2021248N11131,CONSON,2021-09-10 06:00:00,2021.0,15.675,112.15,23.14998,996.0
2021-09-10 12:00:00,2021248N11131,CONSON,2021-09-10 12:00:00,2021.0,15.675,111.475,23.14998,995.0
2021-09-10 18:00:00,2021248N11131,CONSON,2021-09-10 18:00:00,2021.0,15.7,110.825,25.7222,992.0
2021-09-11 00:00:00,2021248N11131,CONSON,2021-09-11 00:00:00,2021.0,15.675,110.0,25.7222,992.0
2021-09-11 06:00:00,2021248N11131,CONSON,2021-09-11 06:00:00,2021.0,15.575,109.675,23.14998,992.0
2021-09-11 12:00:00,2021248N11131,CONSON,2021-09-11 12:00:00,2021.0,15.3,109.3,20.57776,995.0
2021-09-11 18:00:00,2021248N11131,CONSON,2021-09-11 18:00:00,2021.0,15.175,109.225,20.57776,995.0
2021-09-12 00:00:00,2021248N11131,CONSON,2021-09-12 00:00:00,2021.0,15.3,109.2,18.00554,994.0
2021-09-12 06:00:00,2021248N11131,CONSON,2021-09-12 06:00:00,2021.0,15.3,109.15,15.43332,994.0
2021-09-12 12:00:00,2021248N11131,CONSON,2021-09-12 12:00:00,2021.0,15.3,109.129,12.8611,997.0
2021-09-12 18:00:00,2021248N11131,CONSON,2021-09-12 18:00:00,2021.0,15.5,109.033,12.8611,1000.0
2021-09-13 00:00:00,2021248N11131,CONSON,2021-09-13 00:00:00,2021.0,15.8,108.8,12.8611,999.0
2021-09-13 06:00:00,2021248N11131,CONSON,2021-09-13 06:00:00,2021.0,16.1,108.467,10.28888,1002.0
2021-09-13 12:00:00,2021248N11131,CONSON,2021-09-13 12:00:00,2021.0,16.0333,107.9,10.28888,1004.0
2021-09-05 18:00:00,2021248N12141,CHANTHU,2021-09-05 18:00:00,2021.0,13.325,139.425,10.28888,1006.0
2021-09-06 00:00:00,2021248N12141,CHANTHU,2021-09-06 00:00:00,2021.0,13.5,138.891,12.8611,1004.0
2021-09-06 06:00:00,2021248N12141,CHANTHU,2021-09-06 06:00:00,2021.0,14.0,138.554,15.43332,1001.0
2021-09-06 12:00:00,2021248N12141,CHANTHU,2021-09-06 12:00:00,2021.0,14.6533,137.973,18.00554,999.0
2021-09-06 18:00:00,2021248N12141,CHANTHU,2021-09-06 18:00:00,2021.0,15.15,137.35,23.14998,997.0
2021-09-07 00:00:00,2021248N12141,CHANTHU,2021-09-07 00:00:00,2021.0,15.6,136.575,25.7222,995.0
2021-09-07 06:00:00,2021248N12141,CHANTHU,2021-09-07 06:00:00,2021.0,16.125,135.675,33.43886,985.0
2021-09-07 12:00:00,2021248N12141,CHANTHU,2021-09-07 12:00:00,2021.0,16.3,134.6,48.87218,966.0
2021-09-07 18:00:00,2021248N12141,CHANTHU,2021-09-07 18:00:00,2021.0,16.275,133.5,64.3055,937.0
2021-09-08 00:00:00,2021248N12141,CHANTHU,2021-09-08 00:00:00,2021.0,16.025,132.35,66.87772,932.0
2021-09-08 06:00:00,2021248N12141,CHANTHU,2021-09-08 06:00:00,2021.0,15.65,131.325,72.02216,922.0
2021-09-08 12:00:00,2021248N12141,CHANTHU,2021-09-08 12:00:00,2021.0,15.525,130.3,66.87772,935.0
2021-09-08 18:00:00,2021248N12141,CHANTHU,2021-09-08 18:00:00,2021.0,15.4,129.1,69.44994,929.0
2021-09-09 00:00:00,2021248N12141,CHANTHU,2021-09-09 00:00:00,2021.0,15.475,128.025,72.02216,924.0
2021-09-09 06:00:00,2021248N12141,CHANTHU,2021-09-09 06:00:00,2021.0,15.8,127.075,66.87772,932.0
2021-09-09 12:00:00,2021248N12141,CHANTHU,2021-09-09 12:00:00,2021.0,16.125,125.925,61.73328,942.0
2021-09-09 18:00:00,2021248N12141,CHANTHU,2021-09-09 18:00:00,2021.0,16.6,124.925,64.3055,936.0
2021-09-10 00:00:00,2021248N12141,CHANTHU,2021-09-10 00:00:00,2021.0,17.1,124.075,69.44994,928.0
2021-09-10 06:00:00,2021248N12141,CHANTHU,2021-09-10 06:00:00,2021.0,17.8,123.475,74.59438,916.0
2021-09-10 12:00:00,2021248N12141,CHANTHU,2021-09-10 12:00:00,2021.0,18.725,122.85,77.1666,911.0
2021-09-10 18:00:00,2021248N12141,CHANTHU,2021-09-10 18:00:00,2021.0,19.5,122.3,79.73882,902.0
2021-09-11 00:00:00,2021248N12141,CHANTHU,2021-09-11 00:00:00,2021.0,20.3,121.925,74.59438,915.0
2021-09-11 06:00:00,2021248N12141,CHANTHU,2021-09-11 06:00:00,2021.0,21.0,121.525,66.87772,925.0
2021-09-11 12:00:00,2021248N12141,CHANTHU,2021-09-11 12:00:00,2021.0,21.825,121.8,56.588840000000005,945.0
2021-09-11 18:00:00,2021248N12141,CHANTHU,2021-09-11 18:00:00,2021.0,22.8,122.0,56.588840000000005,944.0
2021-09-12 00:00:00,2021248N12141,CHANTHU,2021-09-12 00:00:00,2021.0,23.775,122.3,54.01662,948.0
2021-09-12 06:00:00,2021248N12141,CHANTHU,2021-09-12 06:00:00,2021.0,25.225,122.3,54.01662,943.0
2021-09-12 12:00:00,2021248N12141,CHANTHU,2021-09-12 12:00:00,2021.0,26.25,122.65,48.87218,949.0
2021-09-12 18:00:00,2021248N12141,CHANTHU,2021-09-12 18:00:00,2021.0,27.625,123.075,46.29996,953.0
2021-09-13 00:00:00,2021248N12141,CHANTHU,2021-09-13 00:00:00,2021.0,29.075,123.55,43.72774,959.0
2021-09-13 06:00:00,2021248N12141,CHANTHU,2021-09-13 06:00:00,2021.0,30.7,123.35,38.5833,968.0
2021-09-13 12:00:00,2021248N12141,CHANTHU,2021-09-13 12:00:00,2021.0,30.925,123.25,33.43886,975.0
2021-09-13 18:00:00,2021248N12141,CHANTHU,2021-09-13 18:00:00,2021.0,31.425,123.525,28.29442,980.0
2021-09-14 00:00:00,2021248N12141,CHANTHU,2021-09-14 00:00:00,2021.0,31.275,123.8,20.57776,990.0
2021-09-14 06:00:00,2021248N12141,CHANTHU,2021-09-14 06:00:00,2021.0,30.925,124.275,20.57776,991.0
2021-09-14 12:00:00,2021248N12141,CHANTHU,2021-09-14 12:00:00,2021.0,30.55,124.7,18.00554,994.0
2021-09-14 18:00:00,2021248N12141,CHANTHU,2021-09-14 18:00:00,2021.0,30.25,125.2,18.00554,996.0
2021-09-15 00:00:00,2021248N12141,CHANTHU,2021-09-15 00:00:00,2021.0,30.3,125.675,20.57776,994.0
2021-09-15 06:00:00,2021248N12141,CHANTHU,2021-09-15 06:00:00,2021.0,30.3,125.8,23.14998,991.0
2021-09-15 12:00:00,2021248N12141,CHANTHU,2021-09-15 12:00:00,2021.0,30.15,125.625,23.14998,991.0
2021-09-15 18:00:00,2021248N12141,CHANTHU,2021-09-15 18:00:00,2021.0,30.225,125.325,25.7222,987.0
2021-09-16 00:00:00,2021248N12141,CHANTHU,2021-09-16 00:00:00,2021.0,30.425,125.075,28.29442,982.0
2021-09-16 06:00:00,2021248N12141,CHANTHU,2021-09-16 06:00:00,2021.0,31.05,125.35,28.29442,983.0
2021-09-16 12:00:00,2021248N12141,CHANTHU,2021-09-16 12:00:00,2021.0,31.6,125.825,25.7222,986.0
2021-09-16 18:00:00,2021248N12141,CHANTHU,2021-09-16 18:00:00,2021.0,32.3,126.425,23.14998,989.0
2021-09-17 00:00:00,2021248N12141,CHANTHU,2021-09-17 00:00:00,2021.0,32.9,127.525,20.57776,994.0
2021-09-17 06:00:00,2021248N12141,CHANTHU,2021-09-17 06:00:00,2021.0,33.475,129.175,20.57776,993.0
2021-09-17 12:00:00,2021248N12141,CHANTHU,2021-09-17 12:00:00,2021.0,33.775,131.55,18.00554,999.0
2021-09-17 18:00:00,2021248N12141,CHANTHU,2021-09-17 18:00:00,2021.0,33.9,134.147,15.43332,1000.0
2021-09-18 00:00:00,2021248N12141,CHANTHU,2021-09-18 00:00:00,2021.0,34.4231,136.554,12.8611,1001.0
2021-09-18 06:00:00,2021248N12141,CHANTHU,2021-09-18 06:00:00,2021.0,34.48,137.7,12.8611,1000.0
2021-09-22 06:00:00,2021265N11150,MINDULLE,2021-09-22 06:00:00,2021.0,10.8,150.0,10.28888,1007.0
2021-09-22 12:00:00,2021265N11150,MINDULLE,2021-09-22 12:00:00,2021.0,11.38,148.66,10.28888,1007.0
2021-09-22 18:00:00,2021265N11150,MINDULLE,2021-09-22 18:00:00,2021.0,11.9455,147.591,12.8611,1006.0
2021-09-23 00:00:00,2021265N11150,MINDULLE,2021-09-23 00:00:00,2021.0,12.6333,146.087,15.43332,1007.0
2021-09-23 06:00:00,2021265N11150,MINDULLE,2021-09-23 06:00:00,2021.0,13.3,144.575,15.43332,1008.0
2021-09-23 12:00:00,2021265N11150,MINDULLE,2021-09-23 12:00:00,2021.0,13.725,143.175,18.00554,1001.0
2021-09-23 18:00:00,2021265N11150,MINDULLE,2021-09-23 18:00:00,2021.0,14.125,142.0,18.00554,1001.0
2021-09-24 00:00:00,2021265N11150,MINDULLE,2021-09-24 00:00:00,2021.0,14.625,141.075,20.57776,1000.0
2021-09-24 06:00:00,2021265N11150,MINDULLE,2021-09-24 06:00:00,2021.0,15.225,140.3,23.14998,997.0
2021-09-24 12:00:00,2021265N11150,MINDULLE,2021-09-24 12:00:00,2021.0,15.95,139.325,25.7222,994.0
2021-09-24 18:00:00,2021265N11150,MINDULLE,2021-09-24 18:00:00,2021.0,16.55,138.6,33.43886,983.0
2021-09-25 00:00:00,2021265N11150,MINDULLE,2021-09-25 00:00:00,2021.0,17.075,138.125,41.15552,974.0
2021-09-25 06:00:00,2021265N11150,MINDULLE,2021-09-25 06:00:00,2021.0,17.625,137.7,46.29996,965.0
2021-09-25 12:00:00,2021265N11150,MINDULLE,2021-09-25 12:00:00,2021.0,18.15,137.425,59.16106,944.0
2021-09-25 18:00:00,2021265N11150,MINDULLE,2021-09-25 18:00:00,2021.0,18.45,137.05,64.3055,933.0
2021-09-26 00:00:00,2021265N11150,MINDULLE,2021-09-26 00:00:00,2021.0,18.6,136.8,72.02216,916.0
2021-09-26 06:00:00,2021265N11150,MINDULLE,2021-09-26 06:00:00,2021.0,18.8,136.7,69.44994,919.0
2021-09-26 12:00:00,2021265N11150,MINDULLE,2021-09-26 12:00:00,2021.0,19.0,136.7,64.3055,928.0
2021-09-26 18:00:00,2021265N11150,MINDULLE,2021-09-26 18:00:00,2021.0,19.4,136.7,54.01662,949.0
2021-09-27 00:00:00,2021265N11150,MINDULLE,2021-09-27 00:00:00,2021.0,19.6,136.7,48.87218,956.0
2021-09-27 06:00:00,2021265N11150,MINDULLE,2021-09-27 06:00:00,2021.0,19.9,136.6,46.29996,959.0
2021-09-27 12:00:00,2021265N11150,MINDULLE,2021-09-27 12:00:00,2021.0,20.2,136.4,43.72774,965.0
2021-09-27 18:00:00,2021265N11150,MINDULLE,2021-09-27 18:00:00,2021.0,20.475,136.3,46.29996,961.0
2021-09-28 00:00:00,2021265N11150,MINDULLE,2021-09-28 00:00:00,2021.0,20.975,136.175,51.4444,953.0
2021-09-28 06:00:00,2021265N11150,MINDULLE,2021-09-28 06:00:00,2021.0,21.575,135.75,48.87218,954.0
2021-09-28 12:00:00,2021265N11150,MINDULLE,2021-09-28 12:00:00,2021.0,21.975,135.4,54.01662,945.0
2021-09-28 18:00:00,2021265N11150,MINDULLE,2021-09-28 18:00:00,2021.0,22.65,135.5,59.16106,935.0
2021-09-29 00:00:00,2021265N11150,MINDULLE,2021-09-29 00:00:00,2021.0,23.375,135.4,61.73328,928.0
2021-09-29 06:00:00,2021265N11150,MINDULLE,2021-09-29 06:00:00,2021.0,24.225,135.35,59.16106,933.0
2021-09-29 12:00:00,2021265N11150,MINDULLE,2021-09-29 12:00:00,2021.0,24.975,135.575,56.588840000000005,937.0
2021-09-29 18:00:00,2021265N11150,MINDULLE,2021-09-29 18:00:00,2021.0,25.85,135.875,54.01662,940.0
2021-09-30 00:00:00,2021265N11150,MINDULLE,2021-09-30 00:00:00,2021.0,26.65,136.4,51.4444,949.0
2021-09-30 06:00:00,2021265N11150,MINDULLE,2021-09-30 06:00:00,2021.0,28.0,137.275,46.29996,956.0
2021-09-30 12:00:00,2021265N11150,MINDULLE,2021-09-30 12:00:00,2021.0,29.175,138.125,43.72774,958.0
2021-09-30 18:00:00,2021265N11150,MINDULLE,2021-09-30 18:00:00,2021.0,30.375,139.2,43.72774,958.0
2021-10-01 00:00:00,2021265N11150,MINDULLE,2021-10-01 00:00:00,2021.0,32.0,141.0,41.15552,961.0
2021-10-01 06:00:00,2021265N11150,MINDULLE,2021-10-01 06:00:00,2021.0,33.75,142.35,38.5833,964.0
2021-10-01 12:00:00,2021265N11150,MINDULLE,2021-10-01 12:00:00,2021.0,35.5467,143.907,33.43886,972.0
2021-10-01 18:00:00,2021265N11150,MINDULLE,2021-10-01 18:00:00,2021.0,37.2769,145.608,38.5833,965.0
2021-10-02 00:00:00,2021265N11150,MINDULLE,2021-10-02 00:00:00,2021.0,39.4545,147.727,30.86664,974.0
2021-10-02 06:00:00,2021265N11150,MINDULLE,2021-10-02 06:00:00,2021.0,41.6222,150.122,20.57776,983.0
2021-10-22 06:00:00,2021295N09145,MALOU,2021-10-22 06:00:00,2021.0,8.7,144.6,5.14444,1014.0
2021-10-22 12:00:00,2021295N09145,MALOU,2021-10-22 12:00:00,2021.0,9.6,143.8,5.14444,1014.0
2021-10-22 18:00:00,2021295N09145,MALOU,2021-10-22 18:00:00,2021.0,10.3,143.1,5.14444,1009.0
2021-10-23 00:00:00,2021295N09145,MALOU,2021-10-23 00:00:00,2021.0,10.72,142.38,7.71666,1009.0
2021-10-23 06:00:00,2021295N09145,MALOU,2021-10-23 06:00:00,2021.0,11.2875,141.387,7.71666,1009.0
2021-10-23 12:00:00,2021295N09145,MALOU,2021-10-23 12:00:00,2021.0,11.3636,140.573,7.71666,1009.0
2021-10-23 18:00:00,2021295N09145,MALOU,2021-10-23 18:00:00,2021.0,11.8,140.267,10.28888,1007.0
2021-10-24 00:00:00,2021295N09145,MALOU,2021-10-24 00:00:00,2021.0,12.1846,139.808,12.8611,1003.0
2021-10-24 06:00:00,2021295N09145,MALOU,2021-10-24 06:00:00,2021.0,12.6467,139.567,15.43332,1002.0
2021-10-24 12:00:00,2021295N09145,MALOU,2021-10-24 12:00:00,2021.0,13.9,139.525,18.00554,1002.0
2021-10-24 18:00:00,2021295N09145,MALOU,2021-10-24 18:00:00,2021.0,15.1,139.225,18.00554,1004.0
2021-10-25 00:00:00,2021295N09145,MALOU,2021-10-25 00:00:00,2021.0,16.2,138.8,18.00554,1001.0
2021-10-25 06:00:00,2021295N09145,MALOU,2021-10-25 06:00:00,2021.0,17.65,138.425,18.00554,1000.0
2021-10-25 12:00:00,2021295N09145,MALOU,2021-10-25 12:00:00,2021.0,18.325,138.35,18.00554,1001.0
2021-10-25 18:00:00,2021295N09145,MALOU,2021-10-25 18:00:00,2021.0,18.875,138.4,20.57776,997.0
2021-10-26 00:00:00,2021295N09145,MALOU,2021-10-26 00:00:00,2021.0,19.2,138.55,20.57776,998.0
2021-10-26 06:00:00,2021295N09145,MALOU,2021-10-26 06:00:00,2021.0,19.45,138.95,25.7222,992.0
2021-10-26 12:00:00,2021295N09145,MALOU,2021-10-26 12:00:00,2021.0,20.15,139.1,25.7222,994.0
2021-10-26 18:00:00,2021295N09145,MALOU,2021-10-26 18:00:00,2021.0,20.525,139.275,33.43886,984.0
2021-10-27 00:00:00,2021295N09145,MALOU,2021-10-27 00:00:00,2021.0,20.8,139.325,36.01108,983.0
2021-10-27 06:00:00,2021295N09145,MALOU,2021-10-27 06:00:00,2021.0,21.275,139.45,36.01108,980.0
2021-10-27 12:00:00,2021295N09145,MALOU,2021-10-27 12:00:00,2021.0,21.85,139.7,33.43886,982.0
2021-10-27 18:00:00,2021295N09145,MALOU,2021-10-27 18:00:00,2021.0,22.625,140.025,36.01108,981.0
2021-10-28 00:00:00,2021295N09145,MALOU,2021-10-28 00:00:00,2021.0,23.575,140.675,41.15552,974.0
2021-10-28 06:00:00,2021295N09145,MALOU,2021-10-28 06:00:00,2021.0,24.8,141.525,43.72774,969.0
2021-10-28 12:00:00,2021295N09145,MALOU,2021-10-28 12:00:00,2021.0,26.3,142.475,41.15552,973.0
2021-10-28 18:00:00,2021295N09145,MALOU,2021-10-28 18:00:00,2021.0,28.0067,143.453,43.72774,968.0
2021-10-29 00:00:00,2021295N09145,MALOU,2021-10-29 00:00:00,2021.0,29.8462,144.6,36.01108,978.0
2021-10-29 06:00:00,2021295N09145,MALOU,2021-10-29 06:00:00,2021.0,32.1,146.767,38.5833,973.0
2021-10-29 12:00:00,2021295N09145,MALOU,2021-10-29 12:00:00,2021.0,33.9091,149.936,28.29442,986.0
2021-10-29 18:00:00,2021295N09145,MALOU,2021-10-29 18:00:00,2021.0,36.1,153.411,25.7222,988.0
2021-11-28 12:00:00,2021333N11146,NYATOH,2021-11-28 12:00:00,2021.0,11.2,146.2,7.71666,1010.0
2021-11-28 18:00:00,2021333N11146,NYATOH,2021-11-28 18:00:00,2021.0,11.475,144.15,10.28888,1003.0
2021-11-29 00:00:00,2021333N11146,NYATOH,2021-11-29 00:00:00,2021.0,11.7375,142.738,10.28888,1004.0
2021-11-29 06:00:00,2021333N11146,NYATOH,2021-11-29 06:00:00,2021.0,12.0364,141.964,10.28888,1007.0
2021-11-29 12:00:00,2021333N11146,NYATOH,2021-11-29 12:00:00,2021.0,12.0923,141.238,15.43332,1003.0
2021-11-29 18:00:00,2021333N11146,NYATOH,2021-11-29 18:00:00,2021.0,12.4467,140.153,18.00554,999.0
2021-11-30 00:00:00,2021333N11146,NYATOH,2021-11-30 00:00:00,2021.0,12.575,139.15,20.57776,998.0
2021-11-30 06:00:00,2021333N11146,NYATOH,2021-11-30 06:00:00,2021.0,12.85,138.225,23.14998,995.0
2021-11-30 12:00:00,2021333N11146,NYATOH,2021-11-30 12:00:00,2021.0,13.1,137.425,23.14998,996.0
2021-11-30 18:00:00,2021333N11146,NYATOH,2021-11-30 18:00:00,2021.0,13.45,136.825,25.7222,990.0
2021-12-01 00:00:00,2021333N11146,NYATOH,2021-12-01 00:00:00,2021.0,13.85,136.375,25.7222,994.0
2021-12-01 06:00:00,2021333N11146,NYATOH,2021-12-01 06:00:00,2021.0,14.35,135.8,30.86664,983.0
2021-12-01 12:00:00,2021333N11146,NYATOH,2021-12-01 12:00:00,2021.0,15.1,135.65,33.43886,984.0
2021-12-01 18:00:00,2021333N11146,NYATOH,2021-12-01 18:00:00,2021.0,15.825,135.55,33.43886,981.0
2021-12-02 00:00:00,2021333N11146,NYATOH,2021-12-02 00:00:00,2021.0,16.525,135.55,38.5833,974.0
2021-12-02 06:00:00,2021333N11146,NYATOH,2021-12-02 06:00:00,2021.0,17.3,135.775,43.72774,967.0
2021-12-02 12:00:00,2021333N11146,NYATOH,2021-12-02 12:00:00,2021.0,18.325,136.7,51.4444,956.0
2021-12-02 18:00:00,2021333N11146,NYATOH,2021-12-02 18:00:00,2021.0,19.5,137.55,64.3055,933.0
2021-12-03 00:00:00,2021333N11146,NYATOH,2021-12-03 00:00:00,2021.0,20.925,138.7,64.3055,936.0
2021-12-03 06:00:00,2021333N11146,NYATOH,2021-12-03 06:00:00,2021.0,22.5933,140.48,61.73328,938.0
2021-12-03 12:00:00,2021333N11146,NYATOH,2021-12-03 12:00:00,2021.0,24.0692,142.385,46.29996,962.0
2021-12-03 18:00:00,2021333N11146,NYATOH,2021-12-03 18:00:00,2021.0,26.1273,144.518,33.43886,985.0
2021-12-04 00:00:00,2021333N11146,NYATOH,2021-12-04 00:00:00,2021.0,28.2125,146.462,20.57776,1000.0
2021-12-11 12:00:00,2021346N05145,RAI,2021-12-11 12:00:00,2021.0,5.3,145.0,10.28888,1007.0
2021-12-11 18:00:00,2021346N05145,RAI,2021-12-11 18:00:00,2021.0,5.5,144.8,7.71666,1005.0
2021-12-12 00:00:00,2021346N05145,RAI,2021-12-12 00:00:00,2021.0,5.5125,144.562,7.71666,1005.0
2021-12-12 06:00:00,2021346N05145,RAI,2021-12-12 06:00:00,2021.0,5.51818,144.136,10.28888,1004.0
2021-12-12 12:00:00,2021346N05145,RAI,2021-12-12 12:00:00,2021.0,5.58462,143.615,12.8611,1004.0
2021-12-12 18:00:00,2021346N05145,RAI,2021-12-12 18:00:00,2021.0,5.50667,142.82,12.8611,1000.0
2021-12-13 00:00:00,2021346N05145,RAI,2021-12-13 00:00:00,2021.0,5.4,141.85,12.8611,1002.0
2021-12-13 06:00:00,2021346N05145,RAI,2021-12-13 06:00:00,2021.0,5.7,140.825,15.43332,1001.0
2021-12-13 12:00:00,2021346N05145,RAI,2021-12-13 12:00:00,2021.0,6.2,139.7,18.00554,1000.0
2021-12-13 18:00:00,2021346N05145,RAI,2021-12-13 18:00:00,2021.0,6.725,138.625,23.14998,993.0
2021-12-14 00:00:00,2021346N05145,RAI,2021-12-14 00:00:00,2021.0,7.3,137.05,25.7222,991.0
2021-12-14 06:00:00,2021346N05145,RAI,2021-12-14 06:00:00,2021.0,7.775,135.825,28.29442,991.0
2021-12-14 12:00:00,2021346N05145,RAI,2021-12-14 12:00:00,2021.0,8.25,134.6,30.86664,990.0
2021-12-14 18:00:00,2021346N05145,RAI,2021-12-14 18:00:00,2021.0,8.65,133.425,33.43886,982.0
2021-12-15 00:00:00,2021346N05145,RAI,2021-12-15 00:00:00,2021.0,8.8,132.325,36.01108,982.0
2021-12-15 06:00:00,2021346N05145,RAI,2021-12-15 06:00:00,2021.0,8.975,131.175,38.5833,978.0
2021-12-15 12:00:00,2021346N05145,RAI,2021-12-15 12:00:00,2021.0,9.125,130.075,46.29996,965.0
2021-12-15 18:00:00,2021346N05145,RAI,2021-12-15 18:00:00,2021.0,9.425,128.925,64.3055,934.0
2021-12-16 00:00:00,2021346N05145,RAI,2021-12-16 00:00:00,2021.0,9.675,127.625,77.1666,908.0
2021-12-16 06:00:00,2021346N05145,RAI,2021-12-16 06:00:00,2021.0,9.95,125.975,69.44994,925.0
2021-12-16 12:00:00,2021346N05145,RAI,2021-12-16 12:00:00,2021.0,10.1,124.175,61.73328,943.0
2021-12-16 18:00:00,2021346N05145,RAI,2021-12-16 18:00:00,2021.0,10.125,122.5,56.588840000000005,951.0
2021-12-17 00:00:00,2021346N05145,RAI,2021-12-17 00:00:00,2021.0,10.075,121.05,48.87218,965.0
2021-12-17 06:00:00,2021346N05145,RAI,2021-12-17 06:00:00,2021.0,10.3,119.95,43.72774,970.0
2021-12-17 12:00:00,2021346N05145,RAI,2021-12-17 12:00:00,2021.0,10.4,118.65,46.29996,968.0
2021-12-17 18:00:00,2021346N05145,RAI,2021-12-17 18:00:00,2021.0,10.725,117.425,46.29996,966.0
2021-12-18 00:00:00,2021346N05145,RAI,2021-12-18 00:00:00,2021.0,10.95,116.0,51.4444,962.0
2021-12-18 06:00:00,2021346N05145,RAI,2021-12-18 06:00:00,2021.0,11.225,114.7,59.16106,948.0
2021-12-18 12:00:00,2021346N05145,RAI,2021-12-18 12:00:00,2021.0,11.825,113.45,72.02216,921.0
2021-12-18 18:00:00,2021346N05145,RAI,2021-12-18 18:00:00,2021.0,12.55,112.225,66.87772,931.0
2021-12-19 00:00:00,2021346N05145,RAI,2021-12-19 00:00:00,2021.0,13.075,111.4,61.73328,941.0
2021-12-19 06:00:00,2021346N05145,RAI,2021-12-19 06:00:00,2021.0,13.875,110.75,51.4444,958.0
2021-12-19 12:00:00,2021346N05145,RAI,2021-12-19 12:00:00,2021.0,14.925,110.6,43.72774,974.0
2021-12-19 18:00:00,2021346N05145,RAI,2021-12-19 18:00:00,2021.0,15.925,110.625,38.5833,983.0
2021-12-20 00:00:00,2021346N05145,RAI,2021-12-20 00:00:00,2021.0,17.125,110.775,36.01108,988.0
2021-12-20 06:00:00,2021346N05145,RAI,2021-12-20 06:00:00,2021.0,18.1,111.3,25.7222,998.0
2021-12-20 12:00:00,2021346N05145,RAI,2021-12-20 12:00:00,2021.0,19.025,112.075,23.14998,1001.0
2021-12-20 18:00:00,2021346N05145,RAI,2021-12-20 18:00:00,2021.0,19.85,112.85,20.57776,1006.0
2021-12-21 00:00:00,2021346N05145,RAI,2021-12-21 00:00:00,2021.0,20.6667,113.867,18.00554,1005.0
2021-12-21 06:00:00,2021346N05145,RAI,2021-12-21 06:00:00,2021.0,21.46,115.22,15.43332,1007.0
2021-12-21 12:00:00,2021346N05145,RAI,2021-12-21 12:00:00,2021.0,21.7,116.5,12.8611,1010.0
